2057,2040,2058,2075,2039
2075,2057,2058,2059,2092,2076
2058,2057,2059,2039,2040,2041,2075,2076
2092,2093,2075,2076,2077
2076,2058,2059,2060,2092,2093,2075,2077
2059,2058,2060,2040,2041,2042,2075,2076,2077
2093,2092,2094,2076,2077,2078
2077,2059,2060,2061,2092,2093,2094,2076,2078
2060,2059,2061,2041,2042,2043,2076,2077,2078
2019,1995,1996,2020,2039
1995,2019,2020,1996,1968,1969,1970
2039,2019,2020,2021,2057,2058,2040
2020,2019,2021,1995,1996,1997,2039,2040
1996,2019,2020,2021,1995,1997,1969,1970,1971
2040,2020,2021,2022,2057,2058,2059,2039,2041
2021,2020,2022,1996,1997,1998,2039,2040,2041
1997,2020,2021,2022,1996,1998,1970,1971,1972
2041,2021,2022,2023,2058,2059,2060,2040,2042
2022,2021,2023,1997,1998,1999,2040,2041,2042
1998,2021,2022,2023,1997,1999,1971,1972,1973
2042,2022,2023,2024,2059,2060,2061,2041,2043
2023,2022,2024,1998,1999,2000,2041,2042,2043
1999,2022,2023,2024,1998,2000,1972,1973,1974
2094,2093,2095,2077,2078,2079
2078,2060,2061,2062,2093,2094,2095,2077,2079
2061,2060,2062,2042,2043,2044,2077,2078,2079
2095,2080,2094,2096,2078,2079
2079,2080,2061,2062,2063,2094,2095,2096,2078
2062,2080,2061,2063,2043,2044,2045,2078,2079
2096,2080,2081,2095,2097,2109,2079
2080,2081,2062,2063,2064,2095,2096,2097,2079
2063,2080,2081,2062,2064,2044,2045,2046,2079
2109,2121,2096,2097,2098,2110
2097,2080,2081,2082,2096,2098,2109,2110
2081,2080,2082,2063,2064,2065,2096,2097,2098
2064,2080,2081,2082,2063,2065,2045,2046,2047
2043,2023,2024,2025,2060,2061,2062,2042,2044
2024,2023,2025,1999,2000,2001,2042,2043,2044
2000,2023,2024,2025,1999,2001,1973,1974,1975
2044,2024,2025,2026,2061,2062,2063,2043,2045
2025,2024,2026,2000,2001,2002,2043,2044,2045
2001,2024,2025,2026,2000,2002,1974,1975,1976
2045,2025,2026,2027,2062,2063,2064,2044,2046
2026,2025,2027,2001,2002,2003,2044,2045,2046
2002,2025,2026,2027,2001,2003,1975,1976,1977
2046,2026,2027,2028,2063,2064,2065,2045,2047
2027,2026,2028,2002,2003,2004,2045,2046,2047
2003,2026,2027,2028,2002,2004,1976,1977,1978
1909,1910,1940,1877,1878
1877,1843,1844,1909,1845,1878,1910
1968,1969,1995,1940,1941
1940,1911,1968,1969,1941,1909,1910
1910,1879,1940,1909,1877,1911,1878,1941
1878,1911,1844,1845,1846,1879,1877,1909,1910
1969,1995,1996,1968,1970,1940,1941,1942
1941,1911,1968,1969,1970,1940,1942,1910,1912
1911,1879,1912,1940,1910,1878,1880,1941,1942
1879,1847,1911,1912,1845,1878,1846,1880,1910
1970,1995,1996,1997,1969,1971,1941,1942,1943
1942,1911,1969,1970,1971,1941,1943,1912,1913
1912,1879,1943,1941,1942,1911,1880,1881,1913
1880,1847,1911,1912,1846,1879,1848,1881,1913
1735,1696,1773,1736,1695
1773,1735,1736,1737,1774,1809
1736,1696,1697,1735,1737,1773,1774,1695
1843,1809,1810,1844,1877
1809,1773,1774,1775,1810,1843,1844
1774,1736,1737,1738,1773,1775,1809,1810
1737,1696,1697,1698,1736,1738,1773,1774,1775
1844,1809,1810,1811,1843,1845,1877,1878
1810,1774,1775,1776,1809,1811,1843,1844,1845
1775,1737,1738,1739,1774,1776,1809,1810,1811
1738,1697,1698,1699,1737,1739,1774,1775,1776
1845,1879,1810,1811,1812,1844,1846,1877,1878
1811,1775,1776,1777,1810,1812,1844,1845,1846
1776,1738,1739,1740,1775,1777,1810,1811,1812
1739,1698,1699,1700,1738,1740,1775,1776,1777
1846,1879,1811,1812,1845,1813,1847,1878,1880
1812,1847,1776,1777,1778,1811,1813,1845,1846
1777,1739,1740,1741,1776,1778,1811,1812,1813
1740,1699,1700,1701,1739,1741,1776,1777,1778
1847,1879,1880,1812,1813,1846,1814,1848,1881
1813,1847,1777,1778,1779,1812,1814,1846,1848
1778,1740,1741,1742,1777,1779,1812,1813,1814
1741,1700,1701,1702,1740,1742,1777,1778,1779
1971,1996,1997,1998,1970,1972,1942,1943,1944
1943,1970,1971,1972,1944,1942,1912,1913,1914
1913,1912,1944,1942,1943,1880,1881,1882,1914
1881,1880,1912,1847,1848,1849,1882,1914,1913
1972,1997,1998,1999,1971,1973,1943,1944,1945
1944,1945,1971,1972,1973,1943,1913,1914,1915
1914,1915,1945,1943,1944,1881,1882,1883,1913
1882,1881,1915,1848,1849,1850,1883,1914,1913
1973,1998,1999,2000,1972,1974,1944,1945,1946
1945,1972,1973,1974,1944,1914,1915,1916,1946
1915,1884,1944,1945,1882,1883,1916,1914,1946
1883,1915,1916,1849,1850,1851,1884,1882,1914
1974,1999,2000,2001,1973,1975,1945,1946,1947
1946,1947,1973,1974,1975,1945,1915,1916,1917
1916,1883,1947,1885,1945,1946,1915,1884,1917
1884,1883,1915,1916,1917,1850,1851,1852,1885
1975,2000,2001,2002,1974,1976,1946,1947,1948
1947,1916,1974,1975,1976,1946,1948,1917,1918
1917,1884,1948,1886,1946,1947,1916,1885,1918
1885,1884,1916,1917,1918,1851,1852,1853,1886
1976,2001,2002,2003,1975,1977,1947,1948,1949
1948,1917,1975,1976,1977,1947,1949,1918,1919
1918,1885,1949,1887,1947,1948,1917,1886,1919
1886,1885,1917,1918,1919,1852,1853,1854,1887
1977,2002,2003,2004,1976,1978,1948,1949,1950
1949,1920,1918,1976,1977,1978,1948,1950,1919
1919,1888,1920,1886,1950,1948,1949,1918,1887
1887,1888,1920,1854,1918,1919,1853,1886,1855
1848,1815,1813,1814,1847,1880,1849,1881,1882
1814,1847,1778,1779,1780,1813,1815,1848,1849
1779,1741,1742,1743,1778,1780,1813,1814,1815
1742,1701,1702,1703,1741,1743,1778,1779,1780
1849,1848,1814,1815,1816,1881,1850,1883,1882
1815,1848,1779,1780,1781,1814,1816,1849,1850
1780,1742,1743,1744,1779,1781,1814,1815,1816
1743,1702,1703,1704,1742,1744,1779,1780,1781
1850,1883,1815,1849,1816,1817,1882,1851,1884
1816,1780,1781,1782,1815,1849,1817,1850,1851
1781,1743,1744,1745,1780,1782,1815,1816,1817
1744,1703,1704,1705,1743,1745,1780,1781,1782
1851,1852,1884,1816,1817,1818,1883,1850,1885
1817,1852,1781,1782,1783,1816,1818,1851,1850
1782,1744,1745,1746,1781,1783,1816,1817,1818
1745,1704,1705,1706,1744,1746,1781,1782,1783
1852,1851,1885,1817,1818,1819,1884,1853,1886
1818,1851,1782,1783,1784,1817,1819,1852,1853
1783,1745,1746,1747,1782,1784,1817,1818,1819
1746,1705,1706,1707,1745,1747,1782,1783,1784
1853,1852,1886,1818,1819,1820,1885,1854,1887
1819,1852,1783,1784,1785,1818,1820,1853,1854
1784,1746,1747,1748,1783,1785,1818,1819,1820
1747,1706,1707,1708,1746,1748,1783,1784,1785
1854,1888,1821,1887,1819,1820,1853,1886,1855
1820,1853,1784,1785,1786,1819,1821,1854,1855
1785,1747,1748,1749,1784,1786,1819,1820,1821
1748,1707,1708,1709,1747,1749,1784,1785,1786
1255,1200,1256,1311,1199
1199,1255,1256,1200,1142,1143,1144
1366,1312,1421,1367,1311
1311,1312,1255,1256,1257,1366,1367
1256,1312,1255,1257,1199,1200,1201,1311
1200,1255,1256,1257,1199,1201,1143,1144,1145
1421,1368,1422,1366,1367
1367,1312,1313,1421,1422,1366,1368,1311
1312,1313,1256,1257,1258,1366,1367,1368,1311
1257,1312,1313,1256,1258,1200,1201,1202,1311
1201,1256,1257,1258,1200,1202,1144,1145,1146
1422,1421,1423,1367,1368,1369
1368,1312,1313,1314,1421,1422,1423,1367,1369
1313,1312,1314,1257,1258,1259,1367,1368,1369
1258,1312,1313,1314,1257,1259,1201,1202,1203
1202,1257,1258,1259,1201,1203,1145,1146,1147
1423,1368,1369,1370,1422
1369,1313,1314,1315,1422,1423,1368,1370
1314,1313,1315,1258,1259,1260,1368,1369,1370
1259,1313,1314,1315,1258,1260,1202,1203,1204
1203,1258,1259,1260,1202,1204,1146,1147,1148
1370,1314,1315,1316,1423,1369,1371
1315,1314,1316,1259,1260,1261,1369,1370,1371
1260,1314,1315,1316,1259,1261,1203,1204,1205
1204,1259,1260,1261,1203,1205,1147,1148,1149
1142,1199,1085,1086,1143
1085,1142,1086,1143
1143,1199,1200,1142,1144,1085,1086,1087
1086,1031,1142,1143,1144,1085,1087
1144,1088,1199,1200,1201,1143,1145,1086,1087
1087,1088,1031,1032,1143,1144,1145,1086
1031,1032,1088,1086,1087
1145,1088,1089,1200,1201,1202,1144,1146,1087
1088,1089,1031,1032,1033,1144,1145,1146,1087
1032,1088,1089,1031,1033,1087
1146,1088,1089,1090,1201,1202,1203,1145,1147
1089,1088,1090,1032,1033,1034,1145,1146,1147
1033,1088,1089,1090,1032,1034,980
1147,1089,1090,1091,1202,1203,1204,1146,1148
1090,1089,1091,1033,1034,1035,1146,1147,1148
1034,1089,1090,1091,1033,1035,980,981
980,1033,1034,1035,981
1148,1090,1091,1092,1203,1204,1205,1147,1149
1091,1090,1092,1034,1035,1036,1147,1148,1149
1035,1090,1091,1092,1034,1036,980,981,982
981,931,1034,1035,1036,980,982
1371,1315,1316,1317,1370,1372
1372,1316,1317,1318,1371,1373
1373,1317,1318,1319,1372,1374
1374,1318,1319,1320,1424,1373,1375
1608,1652,1609,1563,1564
1563,1608,1609,1517,1518,1519,1564
1652,1608,1609,1610,1653,1695
1609,1608,1610,1652,1653,1563,1564,1565
1564,1608,1609,1610,1518,1519,1520,1563,1565
1470,1424,1425,1517,1471
1424,1376,1374,1471,1425,1470,1375
1375,1376,1319,1320,1321,1424,1425,1374
1517,1472,1518,1563,1470,1471
1471,1472,1517,1518,1424,1425,1426,1470
1425,1376,1377,1472,1471,1424,1426,1470,1375
1376,1377,1320,1321,1322,1424,1425,1426,1375
1518,1472,1473,1517,1519,1563,1564,1471
1472,1473,1517,1518,1519,1425,1426,1427,1471
1426,1376,1377,1378,1472,1473,1425,1427,1471
1377,1376,1378,1321,1322,1323,1425,1426,1427
1519,1472,1473,1474,1518,1520,1563,1564,1565
1473,1472,1474,1518,1519,1520,1426,1427,1428
1427,1472,1377,1378,1379,1473,1474,1426,1428
1378,1377,1379,1322,1323,1324,1426,1427,1428
1316,1315,1317,1260,1261,1262,1370,1371,1372
1261,1315,1316,1317,1260,1262,1204,1205,1206
1205,1260,1261,1262,1204,1206,1148,1149,1150
1317,1316,1318,1261,1262,1263,1371,1372,1373
1262,1316,1317,1318,1261,1263,1205,1206,1207
1206,1261,1262,1263,1205,1207,1149,1150,1151
1318,1317,1319,1262,1263,1264,1372,1373,1374
1263,1317,1318,1319,1262,1264,1206,1207,1208
1207,1152,1262,1263,1264,1206,1208,1150,1151
1319,1318,1320,1263,1264,1265,1373,1374,1375
1264,1318,1319,1320,1263,1265,1207,1208,1209
1208,1152,1153,1263,1264,1265,1207,1209,1151
1149,1091,1092,1093,1204,1205,1206,1148,1150
1092,1091,1093,1035,1036,1037,1148,1149,1150
1036,1091,1092,1093,1035,1037,981,982,983
982,931,932,1035,1036,1037,981,983
1150,1092,1093,1094,1205,1206,1207,1149,1151
1093,1092,1094,1036,1037,1038,1149,1150,1151
1037,1092,1093,1094,1036,1038,982,983,984
983,931,932,933,1036,1037,1038,982,984
1094,1152,1093,1095,1037,1038,1039,1150,1151
1038,1093,1094,1095,1037,1039,983,984,985
1151,1152,1093,1094,1095,1206,1207,1208,1150
984,932,933,934,1037,1038,1039,983,985
1152,1153,1094,1095,1096,1207,1208,1209,1151
1095,1152,1153,1094,1096,1038,1039,1040,1151
1039,1094,1095,1096,1038,1040,984,985,986
985,933,934,935,1038,1039,1040,984,986
1320,1376,1319,1321,1264,1265,1266,1374,1375
1265,1319,1320,1321,1264,1266,1208,1209,1210
1209,1152,1153,1154,1264,1265,1266,1208,1210
1321,1376,1377,1320,1322,1265,1266,1267,1375
1266,1320,1321,1322,1265,1267,1209,1210,1211
1210,1153,1154,1155,1265,1266,1267,1209,1211
1322,1376,1377,1378,1321,1323,1266,1267,1268
1267,1321,1322,1323,1266,1268,1210,1211,1212
1211,1154,1155,1156,1266,1267,1268,1210,1212
1323,1377,1378,1379,1322,1324,1267,1268,1269
1268,1322,1323,1324,1267,1269,1211,1212,1213
1212,1155,1156,1157,1267,1268,1269,1211,1213
1153,1152,1154,1095,1096,1097,1208,1209,1210
1096,1152,1153,1154,1095,1097,1039,1040,1041
1040,1095,1096,1097,1039,1041,985,986,987
986,934,935,936,1039,1040,1041,985,987
1154,1153,1155,1096,1097,1098,1209,1210,1211
1097,1153,1154,1155,1096,1098,1040,1041,1042
1041,1096,1097,1098,1040,1042,986,987,988
987,935,936,937,1040,1041,1042,986,988
1155,1154,1156,1097,1098,1099,1210,1211,1212
1098,1154,1155,1156,1097,1099,1041,1042,1043
1042,1097,1098,1099,1041,1043,987,988,989
988,936,937,938,1041,1042,1043,987,989
1156,1155,1157,1098,1099,1100,1211,1212,1213
1099,1155,1156,1157,1098,1100,1042,1043,1044
1043,1098,1099,1100,1042,1044,988,989,990
989,937,938,939,1042,1043,1044,988,990
1695,1696,1735,1736,1652,1653,1654
1653,1696,1609,1610,1611,1652,1654,1695
1610,1609,1611,1652,1653,1654,1564,1565,1566
1565,1609,1610,1611,1519,1520,1521,1564,1566
1696,1697,1735,1736,1737,1653,1654,1655,1695
1654,1696,1697,1610,1611,1612,1653,1655,1695
1611,1610,1612,1653,1654,1655,1565,1566,1567
1566,1610,1611,1612,1520,1521,1522,1565,1567
1697,1696,1698,1736,1737,1738,1654,1655,1656
1655,1696,1697,1698,1611,1612,1613,1654,1656
1612,1568,1611,1613,1654,1655,1656,1566,1567
1567,1568,1611,1612,1613,1521,1522,1523,1566
1698,1697,1699,1737,1738,1739,1655,1656,1657
1656,1697,1698,1699,1612,1613,1614,1655,1657
1613,1568,1569,1612,1614,1655,1656,1657,1567
1568,1569,1612,1613,1614,1522,1523,1524,1567
1699,1698,1700,1738,1739,1740,1656,1657,1658
1657,1698,1699,1700,1613,1614,1615,1656,1658
1614,1568,1569,1570,1613,1615,1656,1657,1658
1569,1568,1570,1613,1614,1615,1523,1524,1525
1700,1699,1701,1739,1740,1741,1657,1658,1659
1658,1699,1700,1701,1614,1615,1616,1657,1659
1615,1569,1570,1571,1614,1616,1657,1658,1659
1570,1569,1571,1614,1615,1616,1524,1525,1526
1701,1700,1702,1740,1741,1742,1658,1659,1660
1659,1700,1701,1702,1615,1616,1617,1658,1660
1616,1570,1571,1572,1615,1617,1658,1659,1660
1571,1570,1572,1615,1616,1617,1525,1526,1527
1520,1473,1474,1475,1519,1521,1564,1565,1566
1474,1473,1475,1519,1520,1521,1427,1428,1429
1428,1473,1378,1379,1380,1474,1475,1427,1429
1379,1378,1380,1323,1324,1325,1427,1428,1429
1521,1474,1475,1476,1520,1522,1565,1566,1567
1475,1474,1476,1520,1521,1522,1428,1429,1430
1429,1474,1379,1380,1381,1475,1476,1428,1430
1522,1568,1475,1476,1477,1521,1523,1566,1567
1476,1475,1477,1521,1522,1523,1429,1430,1431
1430,1475,1380,1381,1382,1476,1477,1429,1431
1523,1568,1569,1476,1477,1478,1522,1524,1567
1477,1476,1478,1522,1523,1524,1430,1431,1432
1431,1476,1381,1382,1383,1477,1478,1430,1432
1524,1568,1569,1570,1477,1478,1479,1523,1525
1478,1477,1479,1523,1524,1525,1431,1432,1433
1432,1477,1382,1383,1384,1478,1479,1431,1433
1383,1382,1384,1327,1328,1329,1431,1432,1433
1525,1569,1570,1571,1478,1479,1480,1524,1526
1479,1478,1480,1524,1525,1526,1432,1433,1434
1433,1478,1383,1384,1385,1479,1480,1432,1434
1384,1383,1385,1328,1329,1330,1432,1433,1434
1526,1570,1571,1572,1479,1480,1481,1525,1527
1480,1479,1481,1525,1526,1527,1433,1434,1435
1434,1479,1384,1385,1386,1480,1481,1433,1435
1385,1384,1386,1329,1330,1331,1433,1434,1435
1702,1701,1703,1741,1742,1743,1659,1660,1661
1660,1701,1702,1703,1616,1617,1618,1659,1661
1617,1571,1572,1573,1616,1618,1659,1660,1661
1572,1571,1573,1616,1617,1618,1526,1527,1528
1703,1702,1704,1742,1743,1744,1660,1661,1662
1661,1702,1703,1704,1617,1618,1619,1660,1662
1618,1572,1573,1574,1617,1619,1660,1661,1662
1573,1572,1574,1617,1618,1619,1527,1528,1529
1704,1703,1705,1743,1744,1745,1661,1662,1663
1662,1703,1704,1705,1618,1619,1620,1661,1663
1619,1573,1574,1575,1618,1620,1661,1662,1663
1574,1573,1575,1618,1619,1620,1528,1529,1530
1705,1664,1704,1706,1744,1745,1746,1662,1663
1663,1664,1704,1705,1706,1619,1620,1621,1662
1620,1664,1574,1575,1576,1619,1621,1662,1663
1575,1574,1576,1619,1620,1621,1529,1530,1531
1706,1664,1665,1705,1707,1745,1746,1747,1663
1664,1665,1705,1706,1707,1620,1621,1622,1663
1621,1664,1665,1575,1576,1577,1620,1622,1663
1576,1575,1577,1620,1621,1622,1530,1531,1532
1707,1664,1665,1666,1706,1708,1746,1747,1748
1665,1664,1666,1706,1707,1708,1621,1622,1623
1622,1664,1665,1666,1576,1577,1578,1621,1623
1577,1576,1578,1621,1622,1623,1531,1532,1533
1708,1665,1666,1667,1707,1709,1747,1748,1749
1666,1665,1667,1707,1708,1709,1622,1623,1624
1623,1665,1666,1667,1577,1578,1579,1622,1624
1578,1577,1579,1622,1623,1624,1532,1533,1534
1527,1571,1572,1573,1480,1481,1482,1526,1528
1481,1480,1482,1526,1527,1528,1434,1435,1436
1435,1480,1385,1386,1387,1481,1482,1434,1436
1386,1385,1387,1330,1331,1332,1434,1435,1436
1528,1572,1573,1574,1481,1482,1483,1527,1529
1482,1481,1483,1527,1528,1529,1435,1436,1437
1436,1481,1386,1387,1388,1482,1483,1435,1437
1529,1573,1574,1575,1482,1483,1484,1528,1530
1483,1482,1484,1528,1529,1530,1436,1437,1438
1437,1482,1387,1388,1389,1483,1484,1436,1438
1530,1574,1575,1576,1483,1484,1485,1529,1531
1484,1483,1485,1529,1530,1531,1437,1438,1439
1438,1483,1388,1389,1390,1484,1485,1437,1439
1531,1575,1576,1577,1484,1485,1486,1530,1532
1485,1440,1484,1486,1530,1531,1532,1438,1439
1439,1440,1484,1389,1390,1391,1485,1486,1438
1390,1440,1389,1391,1334,1335,1336,1438,1439
1532,1576,1577,1578,1485,1486,1487,1531,1533
1486,1440,1441,1485,1487,1531,1532,1533,1439
1440,1441,1485,1390,1391,1392,1486,1487,1439
1391,1440,1441,1390,1392,1335,1336,1337,1439
1533,1577,1578,1579,1486,1487,1488,1532,1534
1487,1440,1441,1442,1486,1488,1532,1533,1534
1441,1440,1442,1486,1391,1392,1393,1487,1488
1392,1440,1441,1442,1391,1393,1336,1337,1338
1324,1378,1379,1380,1323,1325,1268,1269,1270
1269,1323,1324,1325,1268,1270,1212,1213,1214
1213,1156,1157,1158,1268,1269,1270,1212,1214
1380,1379,1381,1324,1325,1326,1428,1429,1430
1325,1379,1380,1381,1324,1326,1269,1270,1271
1270,1324,1325,1326,1269,1271,1213,1214,1215
1214,1157,1158,1159,1269,1270,1271,1213,1215
1381,1380,1382,1325,1326,1327,1429,1430,1431
1326,1380,1381,1382,1325,1327,1270,1271,1272
1271,1216,1325,1326,1327,1270,1272,1214,1215
1215,1216,1158,1159,1160,1270,1271,1272,1214
1382,1381,1383,1326,1327,1328,1430,1431,1432
1327,1381,1382,1383,1326,1328,1271,1272,1273
1272,1216,1217,1326,1327,1328,1271,1273,1215
1216,1217,1159,1160,1161,1271,1272,1273,1215
1328,1382,1383,1384,1327,1329,1272,1273,1274
1273,1216,1217,1218,1327,1328,1329,1272,1274
1217,1216,1218,1160,1161,1162,1272,1273,1274
1329,1383,1384,1385,1328,1330,1273,1274,1275
1274,1217,1218,1219,1328,1329,1330,1273,1275
1218,1217,1219,1161,1162,1163,1273,1274,1275
1330,1384,1385,1386,1329,1331,1274,1275,1276
1275,1218,1219,1220,1329,1330,1331,1274,1276
1219,1218,1220,1162,1163,1164,1274,1275,1276
1157,1156,1158,1099,1100,1101,1212,1213,1214
1100,1156,1157,1158,1099,1101,1043,1044,1045
1044,1099,1100,1101,1043,1045,989,990,991
990,938,939,940,1043,1044,1045,989,991
1158,1157,1159,1100,1101,1102,1213,1214,1215
1101,1157,1158,1159,1100,1102,1044,1045,1046
1045,992,1100,1101,1102,1044,1046,990,991
991,992,939,940,941,1044,1045,1046,990
1159,1216,1158,1160,1101,1102,1103,1214,1215
1102,1158,1159,1160,1101,1103,1045,1046,1047
1046,992,993,1101,1102,1103,1045,1047,991
992,993,940,941,942,1045,1046,1047,991
1160,1216,1217,1159,1161,1102,1103,1104,1215
1103,1159,1160,1161,1102,1104,1046,1047,1048
1047,992,993,994,1102,1103,1104,1046,1048
993,992,994,941,942,943,1046,1047,1048
1161,1216,1217,1218,1160,1162,1103,1104,1105
1104,1160,1161,1162,1103,1105,1047,1048,1049
1048,993,994,995,1103,1104,1105,1047,1049
994,993,995,942,943,944,1047,1048,1049
1162,1217,1218,1219,1161,1163,1104,1105,1106
1105,1161,1162,1163,1104,1106,1048,1049,1050
1049,994,995,996,1104,1105,1106,1048,1050
995,994,996,943,944,945,1048,1049,1050
1163,1218,1219,1220,1162,1164,1105,1106,1107
1106,1162,1163,1164,1105,1107,1049,1050,1051
1050,995,996,997,1105,1106,1107,1049,1051
996,995,997,944,945,946,1049,1050,1051
1331,1385,1386,1387,1330,1332,1275,1276,1277
1276,1219,1220,1221,1330,1331,1332,1275,1277
1220,1219,1221,1163,1164,1165,1275,1276,1277
1387,1386,1388,1331,1332,1333,1435,1436,1437
1332,1386,1387,1388,1331,1333,1276,1277,1278
1277,1220,1221,1222,1331,1332,1333,1276,1278
1221,1220,1222,1164,1165,1166,1276,1277,1278
1388,1387,1389,1332,1333,1334,1436,1437,1438
1333,1387,1388,1389,1332,1334,1277,1278,1279
1278,1221,1222,1223,1332,1333,1334,1277,1279
1222,1221,1223,1165,1166,1167,1277,1278,1279
1389,1388,1390,1333,1334,1335,1437,1438,1439
1334,1280,1388,1389,1390,1333,1335,1278,1279
1279,1280,1222,1223,1224,1333,1334,1335,1278
1223,1280,1222,1224,1166,1167,1168,1278,1279
1335,1280,1281,1389,1390,1391,1334,1336,1279
1280,1281,1223,1224,1225,1334,1335,1336,1279
1224,1280,1281,1223,1225,1167,1168,1169,1279
1336,1280,1281,1282,1390,1391,1392,1335,1337
1281,1280,1282,1224,1225,1226,1335,1336,1337
1225,1280,1281,1282,1224,1226,1168,1169,1170
1337,1281,1282,1283,1391,1392,1393,1336,1338
1282,1281,1283,1225,1226,1227,1336,1337,1338
1226,1281,1282,1283,1225,1227,1169,1170,1171
1164,1219,1220,1221,1163,1165,1106,1107,1108
1107,1163,1164,1165,1106,1108,1050,1051,1052
1051,996,997,998,1106,1107,1108,1050,1052
997,996,998,945,946,947,1050,1051,1052
1165,1220,1221,1222,1164,1166,1107,1108,1109
1108,1164,1165,1166,1107,1109,1051,1052,1053
1052,997,998,999,1107,1108,1109,1051,1053
998,997,999,946,947,948,1051,1052,1053
1166,1221,1222,1223,1165,1167,1108,1109,1110
1109,1165,1166,1167,1108,1110,1052,1053,1054
1053,998,999,1000,1108,1109,1110,1052,1054
999,998,1000,947,948,949,1052,1053,1054
1167,1222,1223,1224,1166,1168,1109,1110,1111
1110,1166,1167,1168,1109,1111,1053,1054,1055
1054,999,1000,1001,1109,1110,1111,1053,1055
1000,999,1001,948,949,950,1053,1054,1055
1168,1223,1224,1225,1167,1169,1110,1111,1112
1111,1056,1167,1168,1169,1110,1112,1054,1055
1055,1056,1000,1001,1002,1110,1111,1112,1054
1001,1056,1000,1002,949,950,951,1054,1055
1169,1224,1225,1226,1168,1170,1111,1112,1113
1112,1056,1057,1168,1169,1170,1111,1113,1055
1056,1057,1001,1002,1003,1111,1112,1113,1055
1002,1056,1057,1001,1003,950,951,952,1055
1170,1225,1226,1227,1169,1171,1112,1113,1114
1113,1056,1057,1058,1169,1170,1171,1112,1114
1057,1056,1058,1002,1003,1004,1112,1113,1114
1003,1056,1057,1058,1002,1004,951,952,953
2132,2121,2122,2123,2133,2142
2142,2151,2132,2133,2134,2143
2133,2122,2123,2124,2132,2134,2142,2143
2151,2144,2152,2159,2142,2143
2143,2144,2151,2152,2133,2134,2135,2142
2134,2144,2123,2124,2125,2133,2135,2142,2143
2159,2152,2153,2160,2151
2152,2144,2145,2151,2153,2159,2160,2143
2144,2145,2151,2152,2153,2134,2135,2136,2143
2135,2144,2145,2124,2125,2126,2134,2136,2143
2121,2122,2132,2109,2110,2111
2110,2121,2122,2097,2098,2099,2109,2111
2098,2081,2082,2083,2097,2099,2109,2110,2111
2082,2081,2083,2064,2065,2066,2097,2098,2099
2122,2112,2121,2123,2132,2133,2110,2111
2111,2112,2121,2122,2123,2098,2099,2100,2110
2099,2112,2082,2083,2084,2098,2100,2110,2111
2083,2082,2084,2065,2066,2067,2098,2099,2100
2123,2112,2113,2122,2124,2132,2133,2134,2111
2112,2113,2122,2123,2124,2099,2100,2101,2111
2100,2112,2113,2083,2084,2085,2099,2101,2111
2084,2083,2085,2066,2067,2068,2099,2100,2101
2124,2112,2113,2114,2123,2125,2133,2134,2135
2113,2112,2114,2123,2124,2125,2100,2101,2102
2101,2112,2113,2114,2084,2085,2086,2100,2102
2085,2084,2086,2067,2068,2069,2100,2101,2102
2125,2113,2114,2115,2124,2126,2134,2135,2136
2114,2113,2115,2124,2125,2126,2101,2102,2103
2102,2113,2114,2115,2085,2086,2087,2101,2103
2086,2085,2087,2068,2069,2070,2101,2102,2103
2160,2152,2153,2154,2159,2161,2165
2153,2144,2145,2146,2152,2154,2159,2160,2161
2145,2144,2146,2152,2153,2154,2135,2136,2137
2165,2160,2161,2162,2166,2168
2161,2153,2154,2155,2160,2162,2165,2166
2154,2145,2146,2147,2153,2155,2160,2161,2162
2146,2145,2147,2153,2154,2155,2136,2137,2138
2168,2169,2165,2166,2167
2166,2161,2162,2163,2165,2167,2168,2169
2162,2154,2155,2156,2161,2163,2165,2166,2167
2155,2146,2147,2148,2154,2156,2161,2162,2163
2147,2146,2148,2154,2155,2156,2137,2138,2139
2169,2168,2166,2167
2163,2155,2156,2157,2162,2164,2166,2167
2156,2147,2148,2149,2155,2157,2162,2163,2164
2148,2147,2149,2155,2156,2157,2138,2139,2140
2167,2162,2163,2164,2166,2168,2169
2164,2156,2157,2158,2163,2167
2157,2148,2149,2150,2156,2158,2163,2164
2149,2148,2150,2156,2157,2158,2139,2140,2141
2158,2164,2157,2149,2150
2150,2149,2157,2158,2140,2141
2136,2144,2145,2146,2125,2126,2127,2135,2137
2126,2114,2115,2116,2125,2127,2135,2136,2137
2115,2114,2116,2125,2126,2127,2102,2103,2104
2103,2114,2115,2116,2086,2087,2088,2102,2104
2087,2086,2088,2069,2070,2071,2102,2103,2104
2137,2145,2146,2147,2126,2127,2128,2136,2138
2127,2115,2116,2117,2126,2128,2136,2137,2138
2116,2115,2117,2126,2127,2128,2103,2104,2105
2104,2115,2116,2117,2087,2088,2089,2103,2105
2088,2087,2089,2103,2070,2071,2072,2105,2104
2138,2146,2147,2148,2127,2128,2129,2137,2139
2128,2116,2117,2118,2127,2129,2137,2138,2139
2117,2116,2118,2127,2128,2129,2104,2105,2106
2105,2116,2117,2118,2088,2089,2090,2104,2106
2089,2106,2088,2090,2071,2072,2073,2104,2105
2139,2147,2148,2149,2128,2129,2130,2138,2140
2129,2117,2118,2119,2128,2130,2138,2139,2140
2118,2117,2119,2128,2129,2130,2105,2106,2107
2090,2106,2089,2091,2072,2073,2074,2107,2105
2106,2117,2118,2119,2089,2090,2091,2105,2107
2140,2148,2149,2150,2129,2130,2131,2139,2141
2130,2118,2119,2120,2129,2131,2139,2140,2141
2119,2118,2120,2129,2130,2131,2106,2107,2108
2107,2118,2119,2120,2090,2091,2106,2108
2091,2106,2090,2073,2074,2107,2108
2141,2149,2150,2130,2131,2140
2131,2119,2120,2130,2140,2141
2120,2119,2130,2131,2107,2108
2108,2120,2107,2091,2119
2065,2048,2081,2082,2083,2064,2066,2046,2047
2047,2048,2027,2028,2029,2064,2065,2066,2046
2028,2048,2027,2029,2003,2004,2005,2046,2047
2004,2027,2028,2029,2003,2005,1977,1978,1979
2066,2048,2049,2082,2083,2084,2065,2067,2047
2048,2049,2028,2029,2030,2065,2066,2067,2047
2029,2048,2049,2028,2030,2004,2005,2006,2047
2005,2028,2029,2030,2004,2006,1978,1979,1980
2049,2048,2050,2029,2030,2031,2066,2067,2068
2067,2048,2049,2050,2083,2084,2085,2066,2068
2030,2048,2049,2050,2029,2031,2005,2006,2007
2006,2029,2030,2031,2005,2007,1979,1980,1981
2068,2049,2050,2051,2084,2085,2086,2067,2069
2050,2049,2051,2030,2031,2032,2067,2068,2069
2031,2049,2050,2051,2030,2032,2006,2007,2008
2007,2030,2031,2032,2006,2008,1980,1981,1982
2069,2050,2051,2052,2085,2086,2087,2068,2070
2051,2050,2052,2031,2032,2033,2068,2069,2070
2032,2050,2051,2052,2031,2033,2007,2008,2009
2008,2031,2032,2033,2007,2009,1981,1982,1983
1978,2003,2004,2005,1977,1979,1949,1950,1951
1950,1920,1921,1919,1977,1978,1979,1949,1951
1920,1888,1889,1921,1887,1951,1949,1950,1919
1888,1856,1889,1920,1921,1855,1919,1854,1887
1855,1856,1888,1889,1822,1820,1821,1854,1887
1979,1952,2004,2005,2006,1978,1980,1950,1951
1951,1920,1921,1922,1952,1978,1979,1980,1950
1921,1888,1889,1890,1920,1922,1952,1950,1951
1889,1856,1857,1890,1888,1920,1921,1922,1855
1856,1888,1857,1889,1890,1823,1821,1822,1855
1857,1824,1856,1858,1889,1890,1891,1822,1823
1980,1952,1953,2005,2006,2007,1979,1981,1951
1952,1921,1922,1923,1953,1979,1980,1981,1951
1922,1952,1889,1890,1891,1921,1923,1953,1951
1890,1856,1857,1858,1891,1889,1921,1922,1923
1981,1952,1953,1954,2006,2007,2008,1980,1982
1953,1952,1954,1922,1923,1924,1980,1981,1982
1923,1952,1953,1890,1891,1924,1892,1922,1954
1891,1857,1858,1859,1892,1890,1922,1923,1924
1858,1824,1825,1857,1859,1890,1891,1892,1823
1982,1953,1954,1955,2007,2008,2009,1981,1983
1954,1953,1955,1923,1924,1925,1981,1982,1983
1924,1953,1954,1891,1892,1925,1893,1923,1955
1892,1858,1891,1859,1860,1893,1923,1924,1925
1859,1824,1825,1826,1858,1860,1891,1892,1893
2070,2051,2052,2053,2086,2087,2088,2069,2071
2052,2051,2053,2032,2033,2034,2069,2070,2071
2033,2051,2052,2053,2032,2034,2008,2009,2010
2009,1984,2032,2033,2034,2008,2010,1982,1983
2071,2052,2053,2054,2087,2088,2089,2070,2072
2053,2052,2054,2033,2034,2035,2070,2071,2072
2034,2052,2053,2054,2033,2035,2009,2010,2011
2010,1984,1985,2033,2034,2035,2009,2011,1983
2072,2053,2054,2055,2088,2089,2090,2071,2073
2054,2053,2055,2034,2035,2036,2071,2072,2073
2035,2053,2054,2055,2034,2036,2010,2011,2012
2011,1984,1985,1986,2034,2035,2036,2010,2012
2073,2054,2055,2056,2089,2090,2091,2072,2074
2055,2054,2056,2035,2036,2037,2072,2073,2074
2036,2054,2055,2056,2035,2037,2011,2012,2013
2012,1985,1986,1987,2035,2036,2037,2011,2013
2074,2055,2056,2090,2091,2073
2056,2055,2036,2037,2038,2073,2074
2037,2055,2056,2036,2038,2012,2013,2014
2013,1986,1987,1988,2036,2037,2038,2012,2014
2038,2056,2037,2013,2014
2014,1987,1988,2037,2038,2013
1983,1984,1954,1955,1956,2008,2009,2010,1982
1955,1984,1954,1956,1924,1925,1926,1982,1983
1925,1954,1955,1924,1892,1926,1893,1894,1956
1893,1859,1892,1860,1861,1894,1924,1925,1926
1860,1825,1826,1827,1859,1861,1892,1893,1894
1984,1985,1955,1956,1957,2009,2010,2011,1983
1956,1984,1985,1955,1957,1925,1926,1927,1983
1926,1955,1956,1925,1893,1927,1894,1895,1957
1894,1860,1893,1861,1862,1895,1925,1926,1927
1861,1826,1827,1828,1860,1862,1893,1894,1895
1985,1984,1986,1956,1957,1958,2010,2011,2012
1957,1984,1985,1986,1956,1958,1926,1928,1927
1927,1956,1957,1926,1894,1896,1928,1895,1958
1895,1861,1894,1862,1896,1863,1926,1927,1928
1862,1827,1828,1829,1861,1863,1894,1895,1896
1958,1985,1986,1987,1957,1959,1928,1929,1927
1928,1957,1958,1927,1896,1897,1929,1895,1959
1896,1862,1895,1864,1897,1863,1927,1928,1929
1863,1828,1829,1862,1830,1864,1895,1896,1897
1986,1985,1987,1957,1958,1959,2011,2012,2013
1987,1986,1988,1958,1959,1960,2012,2013,2014
1959,1986,1987,1988,1958,1928,1929,1930,1960
1929,1958,1959,1896,1897,1898,1928,1930,1960
1897,1863,1864,1896,1898,1928,1929,1930
1864,1829,1830,1863,1896,1897,1898
1988,1987,1959,1960,2013,2014
1960,1987,1988,1959,1929,1930
1930,1959,1960,1897,1898,1929
1898,1864,1897,1929,1930
1865,1832,1866,1899,1831
1899,1865,1866,1867,1900,1931,1932
1866,1831,1832,1833,1865,1867,1899,1900
1931,1932,1899,1900,1961
1989,1961,1962,1990,2015
1961,1989,1990,1962,1931,1932,1933
1932,1961,1962,1899,1900,1933,1901,1931
1900,1866,1899,1867,1868,1901,1931,1932,1933
1867,1832,1833,1834,1866,1868,1899,1900,1901
2015,2016,1989,1990,1991
1990,2016,1989,1991,1961,1962,1963,2015
1962,1989,1990,1991,1961,1963,1932,1933,1934
2016,2017,1990,1991,1992,2015
1991,2016,2017,1990,1992,1962,1963,1964,2015
1963,1990,1991,1992,1962,1964,1933,1934,1935
2017,2016,2018,1991,1992,1993
1992,2016,2017,2018,1991,1993,1963,1964,1965
1964,1991,1992,1993,1963,1965,1934,1935,1936
1933,1961,1962,1963,1932,1900,1934,1901,1902
1901,1867,1900,1868,1869,1902,1932,1933,1934
1868,1833,1834,1835,1867,1869,1900,1901,1902
1934,1962,1963,1964,1933,1901,1935,1902,1903
1902,1868,1901,1869,1870,1903,1933,1934,1935
1869,1834,1835,1836,1868,1870,1901,1902,1903
1935,1963,1964,1965,1934,1902,1904,1936,1903
1903,1869,1902,1870,1904,1871,1934,1935,1936
1870,1835,1836,1837,1869,1871,1902,1903,1904
2018,1992,1993,1994,2017
1993,2017,2018,1992,1994,1964,1965,1966
1965,1992,1993,1994,1964,1966,1935,1936,1937
1994,2018,1993,1965,1966,1967
1966,1993,1994,1965,1967,1936,1937,1938
1967,1994,1966,1937,1938,1939
1936,1964,1965,1966,1935,1904,1905,1937,1903
1904,1870,1903,1872,1905,1871,1935,1936,1937
1871,1836,1837,1870,1838,1872,1903,1904,1905
1937,1965,1966,1967,1904,1905,1906,1936,1938
1905,1871,1872,1873,1906,1904,1936,1937,1938
1872,1837,1838,1871,1839,1873,1904,1905,1906
1938,1966,1967,1905,1906,1907,1937,1939
1906,1872,1873,1874,1907,1905,1937,1938,1939
1873,1838,1839,1840,1872,1874,1905,1906,1907
1939,1967,1906,1907,1908,1938
1907,1873,1874,1875,1908,1906,1938,1939
1874,1839,1840,1841,1873,1875,1906,1907,1908
1908,1874,1907,1875,1876,1939
1875,1840,1841,1842,1874,1876,1907,1908
1876,1841,1842,1875,1908
1821,1856,1854,1785,1786,1787,1820,1822,1855
1786,1748,1749,1750,1785,1787,1820,1821,1822
1822,1856,1857,1855,1786,1787,1788,1821,1823
1787,1749,1750,1751,1786,1788,1821,1822,1823
1823,1824,1856,1857,1858,1787,1788,1789,1822
1788,1824,1750,1751,1752,1787,1789,1822,1823
1824,1825,1857,1858,1859,1788,1789,1790,1823
1789,1824,1825,1751,1752,1753,1788,1790,1823
1749,1708,1709,1710,1748,1750,1785,1786,1787
1709,1666,1667,1668,1708,1710,1748,1749,1750
1667,1666,1668,1708,1709,1710,1623,1624,1625
1750,1709,1710,1711,1749,1751,1786,1787,1788
1710,1667,1668,1669,1709,1711,1749,1750,1751
1668,1667,1669,1709,1710,1711,1624,1625,1626
1751,1710,1711,1712,1750,1752,1787,1788,1789
1711,1668,1669,1670,1710,1712,1750,1751,1752
1669,1668,1670,1710,1711,1712,1625,1626,1627
1752,1711,1712,1713,1751,1753,1788,1789,1790
1712,1669,1670,1671,1711,1713,1751,1752,1753
1670,1669,1671,1711,1712,1713,1626,1627,1628
1825,1824,1826,1858,1859,1860,1789,1790,1791
1790,1824,1825,1826,1752,1753,1754,1789,1791
1753,1712,1713,1714,1752,1754,1789,1790,1791
1713,1670,1671,1672,1712,1714,1752,1753,1754
1671,1670,1672,1712,1713,1714,1627,1628,1629
1826,1792,1825,1827,1859,1860,1861,1790,1791
1791,1792,1825,1826,1827,1753,1754,1755,1790
1754,1792,1713,1714,1715,1753,1755,1790,1791
1714,1671,1672,1673,1713,1715,1753,1754,1755
1672,1671,1673,1713,1714,1715,1628,1629,1630
1827,1792,1793,1826,1828,1860,1861,1862,1791
1792,1793,1826,1827,1828,1754,1755,1756,1791
1755,1792,1793,1714,1715,1716,1754,1756,1791
1715,1672,1673,1674,1714,1716,1754,1755,1756
1673,1672,1674,1714,1715,1716,1629,1630,1631
1624,1666,1667,1668,1578,1579,1580,1623,1625
1579,1578,1580,1623,1624,1625,1533,1534,1535
1534,1578,1579,1580,1487,1488,1489,1533,1535
1488,1441,1442,1443,1487,1489,1533,1534,1535
1625,1667,1668,1669,1579,1580,1581,1624,1626
1580,1536,1579,1581,1624,1625,1626,1534,1535
1535,1536,1579,1580,1581,1488,1489,1490,1534
1489,1536,1442,1443,1444,1488,1490,1534,1535
1581,1536,1537,1580,1582,1625,1626,1627,1535
1626,1668,1669,1670,1580,1581,1582,1625,1627
1536,1537,1580,1581,1582,1489,1490,1491,1535
1490,1536,1537,1443,1444,1445,1489,1491,1535
1627,1669,1670,1671,1581,1582,1583,1626,1628
1582,1536,1537,1538,1581,1583,1626,1627,1628
1537,1536,1538,1581,1582,1583,1490,1491,1492
1491,1536,1537,1538,1444,1445,1446,1490,1492
1628,1670,1671,1672,1582,1583,1584,1627,1629
1583,1537,1538,1539,1582,1584,1627,1628,1629
1538,1537,1539,1582,1583,1584,1491,1492,1493
1492,1537,1538,1539,1445,1446,1447,1491,1493
1629,1671,1672,1673,1583,1584,1585,1628,1630
1584,1538,1539,1540,1583,1585,1628,1629,1630
1539,1538,1540,1583,1584,1585,1492,1493,1494
1493,1538,1539,1540,1446,1447,1448,1492,1494
1630,1672,1673,1674,1584,1585,1586,1629,1631
1585,1539,1540,1541,1584,1586,1629,1630,1631
1540,1539,1541,1584,1585,1586,1493,1494,1495
1494,1539,1540,1541,1447,1448,1449,1493,1495
1828,1792,1793,1794,1827,1829,1861,1862,1863
1793,1792,1794,1827,1828,1829,1755,1756,1757
1756,1792,1793,1794,1715,1716,1717,1755,1757
1716,1673,1674,1675,1715,1717,1755,1756,1757
1674,1632,1673,1675,1715,1716,1717,1630,1631
1829,1793,1794,1828,1830,1862,1863,1864
1794,1793,1828,1829,1830,1756,1757
1717,1674,1675,1676,1716,1718,1756,1757
1675,1632,1633,1674,1676,1716,1717,1718,1631
1757,1793,1794,1716,1717,1718,1756
1830,1864,1794,1829,1863
1718,1675,1676,1677,1717,1757
1676,1632,1633,1634,1675,1677,1717,1718
1677,1633,1634,1635,1676,1678,1718,1719
1719,1677,1678,1679,1720,1758
1678,1634,1635,1636,1677,1679,1719,1720
1795,1796,1831,1758,1759
1758,1795,1796,1719,1720,1721,1759
1720,1678,1679,1680,1719,1721,1758,1759
1679,1635,1636,1637,1678,1680,1719,1720,1721
1831,1795,1796,1797,1832,1865,1866
1796,1760,1795,1797,1831,1832,1758,1759
1759,1760,1795,1796,1797,1720,1721,1722,1758
1721,1760,1679,1680,1681,1720,1722,1758,1759
1680,1636,1637,1638,1679,1681,1720,1721,1722
1832,1796,1797,1798,1831,1833,1865,1866,1867
1760,1761,1796,1797,1798,1721,1722,1723,1759
1722,1760,1761,1680,1681,1682,1721,1723,1759
1631,1632,1673,1674,1675,1585,1586,1587,1630
1586,1632,1540,1541,1542,1585,1587,1630,1631
1541,1540,1542,1585,1586,1587,1494,1495,1496
1495,1540,1541,1542,1448,1449,1450,1494,1496
1632,1633,1674,1675,1676,1586,1587,1588,1631
1587,1632,1633,1541,1542,1543,1586,1588,1631
1542,1541,1543,1586,1587,1588,1495,1496,1497
1496,1541,1542,1543,1449,1450,1451,1495,1497
1633,1632,1634,1675,1676,1677,1587,1588,1589
1588,1632,1633,1634,1542,1543,1544,1587,1589
1543,1542,1544,1587,1588,1589,1496,1497,1498
1497,1542,1543,1544,1450,1451,1452,1496,1498
1634,1633,1635,1676,1677,1678,1588,1589,1590
1589,1633,1634,1635,1543,1544,1545,1588,1590
1544,1543,1545,1588,1589,1590,1497,1498,1499
1498,1543,1544,1545,1451,1452,1453,1497,1499
1635,1634,1636,1677,1678,1679,1589,1590,1591
1590,1634,1635,1636,1544,1545,1546,1589,1591
1545,1544,1546,1589,1590,1591,1498,1499,1500
1499,1544,1545,1546,1452,1453,1454,1498,1500
1636,1635,1637,1678,1679,1680,1590,1591,1592
1591,1635,1636,1637,1545,1546,1547,1590,1592
1546,1545,1547,1590,1591,1592,1499,1500,1501
1500,1545,1546,1547,1453,1454,1455,1499,1501
1637,1636,1638,1679,1680,1681,1591,1592,1593
1592,1636,1637,1638,1546,1547,1548,1591,1593
1547,1546,1548,1591,1592,1593,1500,1501,1502
1501,1546,1547,1548,1454,1455,1456,1500,1502
1638,1637,1639,1680,1681,1682,1592,1593,1594
1593,1637,1638,1639,1547,1548,1549,1592,1594
1548,1547,1549,1592,1593,1594,1501,1502,1503
1442,1441,1443,1487,1392,1393,1394,1488,1489
1393,1441,1442,1443,1392,1394,1337,1338,1339
1338,1282,1283,1284,1392,1393,1394,1337,1339
1443,1442,1444,1488,1393,1394,1395,1489,1490
1394,1442,1443,1444,1393,1395,1338,1339,1340
1339,1283,1284,1285,1393,1394,1395,1338,1340
1444,1443,1445,1489,1394,1395,1396,1490,1491
1395,1443,1444,1445,1394,1396,1339,1340,1341
1340,1284,1285,1286,1394,1395,1396,1339,1341
1445,1444,1446,1490,1395,1396,1397,1491,1492
1396,1444,1445,1446,1395,1397,1340,1341,1342
1341,1285,1286,1287,1395,1396,1397,1340,1342
1283,1282,1284,1226,1227,1228,1337,1338,1339
1227,1282,1283,1284,1226,1228,1170,1171,1172
1284,1283,1285,1227,1228,1229,1338,1339,1340
1228,1283,1284,1285,1227,1229,1171,1172,1173
1285,1284,1286,1228,1229,1230,1339,1340,1341
1229,1284,1285,1286,1228,1230,1172,1173,1174
1286,1285,1287,1229,1230,1231,1340,1341,1342
1230,1285,1286,1287,1229,1231,1173,1174,1175
1446,1445,1447,1491,1396,1397,1398,1492,1493
1397,1445,1446,1447,1396,1398,1341,1342,1343
1342,1286,1287,1288,1396,1397,1398,1341,1343
1287,1286,1288,1230,1231,1232,1341,1342,1343
1231,1286,1287,1288,1230,1232,1174,1175,1176
1447,1446,1448,1492,1397,1398,1399,1493,1494
1398,1344,1446,1447,1448,1397,1399,1342,1343
1343,1344,1287,1288,1289,1397,1398,1399,1342
1288,1344,1287,1289,1231,1232,1233,1342,1343
1232,1287,1288,1289,1231,1233,1175,1176,1177
1448,1495,1447,1449,1493,1398,1399,1400,1494
1399,1344,1345,1447,1448,1449,1398,1400,1343
1344,1345,1288,1289,1290,1398,1399,1400,1343
1289,1344,1345,1288,1290,1232,1233,1234,1343
1233,1288,1289,1290,1232,1234,1176,1177,1178
1171,1226,1227,1228,1170,1172,1113,1114,1115
1114,1057,1058,1059,1170,1171,1172,1113,1115
1058,1057,1059,1003,1004,1005,1113,1114,1115
1004,1057,1058,1059,1003,1005,952,953,954
1172,1227,1228,1229,1171,1173,1114,1115,1116
1115,1058,1059,1060,1171,1172,1173,1114,1116
1059,1058,1060,1004,1005,1006,1114,1115,1116
1005,1058,1059,1060,1004,1006,953,954,955
1173,1228,1229,1230,1172,1174,1115,1116,1117
1116,1059,1060,1061,1172,1173,1174,1115,1117
1060,1059,1061,1005,1006,1007,1115,1116,1117
1006,1059,1060,1061,1005,1007,954,955,956
1174,1229,1230,1231,1173,1175,1116,1117,1118
1117,1060,1061,1062,1173,1174,1175,1116,1118
1061,1060,1062,1006,1007,1008,1116,1117,1118
1007,1060,1061,1062,1006,1008,955,956,957
1175,1230,1231,1232,1174,1176,1117,1118,1119
1118,1061,1062,1063,1174,1175,1176,1117,1119
1062,1061,1063,1007,1008,1009,1117,1118,1119
1008,1061,1062,1063,1007,1009,956,957,958
1176,1120,1231,1232,1233,1175,1177,1118,1119
1119,1120,1062,1063,1064,1175,1176,1177,1118
1063,1120,1062,1064,1008,1009,1010,1118,1119
1009,1062,1063,1064,1008,1010,957,958,959
1177,1120,1121,1232,1233,1234,1176,1178,1119
1120,1121,1063,1064,1065,1176,1177,1178,1119
1064,1120,1121,1063,1065,1009,1010,1011,1119
1010,960,1063,1064,1065,1009,1011,958,959
1449,1495,1496,1448,1450,1494,1399,1400,1401
1400,1344,1345,1346,1448,1449,1450,1399,1401
1345,1344,1346,1289,1290,1291,1399,1400,1401
1401,1345,1346,1347,1449,1450,1451,1400,1402
1346,1345,1347,1290,1291,1292,1400,1401,1402
1450,1496,1449,1451,1497,1495,1400,1401,1402
1451,1450,1452,1497,1498,1496,1401,1402,1403
1402,1346,1347,1348,1450,1451,1452,1401,1403
1347,1346,1348,1291,1292,1293,1401,1402,1403
1452,1451,1453,1498,1499,1497,1402,1403,1404
1403,1347,1348,1349,1451,1452,1453,1402,1404
1348,1347,1349,1292,1293,1294,1402,1403,1404
1290,1344,1345,1346,1289,1291,1233,1234,1235
1234,1289,1290,1291,1233,1235,1177,1178,1179
1235,1290,1291,1292,1234,1236,1178,1179,1180
1291,1345,1346,1347,1290,1292,1234,1235,1236
1292,1346,1347,1348,1291,1293,1235,1236,1237
1236,1291,1292,1293,1235,1237,1179,1180,1181
1293,1347,1348,1349,1292,1294,1236,1237,1238
1237,1292,1293,1294,1236,1238,1180,1181,1182
1453,1500,1452,1454,1499,1498,1403,1404,1405
1404,1348,1349,1350,1452,1453,1454,1403,1405
1349,1348,1350,1293,1294,1295,1403,1404,1405
1454,1501,1500,1453,1455,1499,1404,1405,1406
1405,1349,1350,1351,1453,1454,1455,1404,1406
1350,1349,1351,1294,1295,1296,1404,1405,1406
1455,1501,1502,1454,1456,1500,1405,1406,1407
1406,1350,1351,1352,1454,1455,1456,1405,1407
1351,1350,1352,1295,1296,1297,1405,1406,1407
1456,1408,1502,1503,1455,1457,1501,1406,1407
1407,1408,1351,1352,1353,1455,1456,1457,1406
1294,1348,1349,1350,1293,1295,1237,1238,1239
1238,1293,1294,1295,1237,1239,1181,1182,1183
1295,1349,1350,1351,1294,1296,1238,1239,1240
1239,1184,1294,1295,1296,1238,1240,1182,1183
1296,1350,1351,1352,1295,1297,1239,1240,1241
1240,1184,1185,1295,1296,1297,1239,1241,1183
1297,1351,1352,1353,1296,1298,1240,1241,1242
1178,1120,1121,1122,1233,1234,1235,1177,1179
1121,1120,1122,1064,1065,1066,1177,1178,1179
1065,1120,1121,1122,1064,1066,1010,1011,1012
1011,960,961,1064,1065,1066,1010,1012,959
1179,1121,1122,1123,1234,1235,1236,1178,1180
1122,1121,1123,1065,1066,1067,1178,1179,1180
1012,960,961,962,1065,1066,1067,1011,1013
1066,1121,1122,1123,1065,1067,1011,1012,1013
1180,1122,1123,1124,1235,1236,1237,1179,1181
1123,1122,1124,1066,1067,1068,1179,1180,1181
1067,1122,1123,1124,1066,1068,1012,1013,1014
1013,961,962,963,1066,1067,1068,1012,1014
1181,1123,1124,1125,1236,1237,1238,1180,1182
1124,1123,1125,1067,1068,1069,1180,1181,1182
1068,1123,1124,1125,1067,1069,1013,1014,1015
1014,962,963,964,1067,1068,1069,1013,1015
1182,1124,1125,1126,1237,1238,1239,1181,1183
1125,1124,1126,1068,1069,1070,1181,1182,1183
1069,1124,1125,1126,1068,1070,1014,1015,1016
1015,963,964,965,1068,1069,1070,1014,1016
1183,1184,1125,1126,1127,1238,1239,1240,1182
1126,1184,1125,1127,1069,1070,1071,1182,1183
1070,1125,1126,1127,1069,1071,1015,1016,1017
1016,964,965,966,1069,1070,1071,1015,1017
1184,1185,1126,1127,1128,1239,1240,1241,1183
1127,1184,1185,1126,1128,1070,1071,1072,1183
1071,1126,1127,1128,1070,1072,1016,1017,1018
1017,965,966,967,1070,1071,1072,1016,1018
1185,1184,1186,1127,1128,1129,1240,1241,1242
1072,1127,1128,1129,1071,1073,1017,1018,1019
1018,966,967,968,1071,1072,1073,1017,1019
1797,1760,1761,1796,1798,1831,1832,1833,1759
1833,1797,1798,1799,1832,1834,1866,1867,1868
1798,1760,1761,1762,1797,1799,1832,1833,1834
1834,1798,1799,1800,1833,1835,1867,1868,1869
1799,1761,1762,1763,1798,1800,1833,1834,1835
1835,1799,1800,1801,1834,1836,1868,1869,1870
1800,1762,1763,1764,1799,1801,1834,1835,1836
1681,1637,1638,1639,1680,1682,1721,1722,1723
1761,1760,1762,1797,1798,1799,1722,1723,1724
1723,1760,1761,1762,1681,1682,1683,1722,1724
1682,1638,1639,1640,1681,1683,1722,1723,1724
1762,1761,1763,1798,1799,1800,1723,1724,1725
1724,1761,1762,1763,1682,1683,1684,1723,1725
1683,1639,1640,1641,1682,1684,1723,1724,1725
1763,1762,1764,1799,1800,1801,1724,1725,1726
1725,1762,1763,1764,1683,1684,1685,1724,1726
1684,1640,1641,1642,1683,1685,1724,1725,1726
1836,1800,1801,1802,1835,1837,1869,1870,1871
1801,1763,1764,1765,1800,1802,1835,1836,1837
1764,1763,1765,1800,1801,1802,1725,1726,1727
1726,1763,1764,1765,1684,1685,1686,1725,1727
1685,1641,1642,1643,1684,1686,1725,1726,1727
1837,1801,1802,1803,1836,1838,1870,1871,1872
1802,1764,1765,1766,1801,1803,1836,1837,1838
1765,1728,1764,1766,1801,1802,1803,1726,1727
1727,1728,1764,1765,1766,1685,1686,1687,1726
1686,1728,1642,1643,1644,1685,1687,1726,1727
1838,1802,1803,1804,1837,1839,1871,1872,1873
1803,1765,1766,1767,1802,1804,1837,1838,1839
1766,1728,1729,1765,1767,1802,1803,1804,1727
1728,1729,1765,1766,1767,1686,1687,1688,1727
1687,1728,1729,1643,1644,1645,1686,1688,1727
1502,1547,1548,1549,1455,1456,1457,1501,1503
1639,1638,1640,1681,1682,1683,1593,1594,1595
1594,1638,1639,1640,1548,1549,1550,1593,1595
1549,1504,1548,1550,1593,1594,1595,1502,1503
1503,1504,1548,1549,1550,1456,1457,1458,1502
1640,1639,1641,1682,1683,1684,1594,1595,1596
1595,1639,1640,1641,1549,1550,1551,1594,1596
1550,1504,1505,1549,1551,1594,1595,1596,1503
1504,1505,1549,1550,1551,1457,1458,1459,1503
1641,1640,1642,1683,1684,1685,1595,1596,1597
1596,1640,1641,1642,1550,1551,1552,1595,1597
1551,1504,1505,1506,1550,1552,1595,1596,1597
1505,1504,1506,1550,1551,1552,1458,1459,1460
1642,1641,1643,1684,1685,1686,1596,1597,1598
1597,1641,1642,1643,1551,1552,1553,1596,1598
1552,1505,1506,1507,1551,1553,1596,1597,1598
1506,1505,1507,1551,1552,1553,1459,1460,1461
1643,1642,1644,1685,1686,1687,1597,1598,1599
1598,1642,1643,1644,1552,1553,1554,1597,1599
1553,1506,1507,1508,1552,1554,1597,1598,1599
1507,1506,1508,1552,1553,1554,1460,1461,1462
1644,1600,1643,1645,1686,1687,1688,1598,1599
1599,1600,1643,1644,1645,1553,1554,1555,1598
1554,1600,1507,1508,1509,1553,1555,1598,1599
1508,1507,1509,1553,1554,1555,1461,1462,1463
1839,1803,1804,1805,1838,1840,1872,1873,1874
1804,1766,1767,1768,1803,1805,1838,1839,1840
1840,1804,1805,1806,1839,1841,1873,1874,1875
1805,1767,1768,1769,1804,1806,1839,1840,1841
1841,1805,1806,1807,1840,1842,1874,1875,1876
1806,1768,1769,1770,1805,1807,1840,1841,1842
1842,1806,1807,1808,1841,1875,1876
1807,1769,1770,1771,1806,1808,1841,1842
1767,1728,1729,1730,1766,1768,1803,1804,1805
1729,1728,1730,1766,1767,1768,1687,1688,1689
1688,1728,1729,1730,1644,1645,1646,1687,1689
1768,1729,1730,1731,1767,1769,1804,1805,1806
1730,1729,1731,1767,1768,1769,1688,1689,1690
1689,1729,1730,1731,1645,1646,1647,1688,1690
1769,1730,1731,1732,1768,1770,1805,1806,1807
1731,1730,1732,1768,1769,1770,1689,1690,1691
1690,1730,1731,1732,1646,1647,1648,1689,1691
1770,1731,1732,1733,1769,1771,1806,1807,1808
1732,1731,1733,1769,1770,1771,1690,1691,1692
1691,1731,1732,1733,1647,1648,1649,1690,1692
1808,1770,1771,1772,1807,1842
1771,1732,1733,1734,1770,1772,1807,1808
1733,1732,1734,1770,1771,1772,1691,1692,1693
1692,1732,1733,1734,1648,1649,1650,1691,1693
1772,1808,1771,1733,1734
1734,1733,1771,1772,1692,1693,1694
1693,1733,1734,1649,1650,1651,1692,1694
1694,1650,1651,1693,1734
1645,1600,1601,1644,1646,1687,1688,1689,1599
1600,1601,1644,1645,1646,1554,1555,1556,1599
1555,1600,1601,1508,1509,1510,1554,1556,1599
1509,1508,1510,1554,1555,1556,1462,1463,1464
1646,1600,1601,1602,1645,1647,1688,1689,1690
1601,1600,1602,1645,1646,1647,1555,1556,1557
1556,1600,1601,1602,1509,1510,1511,1555,1557
1510,1509,1511,1555,1556,1557,1463,1464,1465
1647,1601,1602,1603,1646,1648,1689,1690,1691
1602,1601,1603,1646,1647,1648,1556,1557,1558
1557,1601,1602,1603,1510,1511,1512,1556,1558
1511,1510,1512,1556,1557,1558,1464,1465,1466
1648,1602,1603,1604,1647,1649,1690,1691,1692
1603,1602,1604,1647,1648,1649,1557,1558,1559
1558,1602,1603,1604,1511,1512,1513,1557,1559
1512,1511,1513,1557,1558,1559,1465,1466,1467
1649,1603,1604,1605,1648,1650,1691,1692,1693
1604,1603,1605,1648,1649,1650,1558,1559,1560
1559,1603,1604,1605,1512,1513,1514,1558,1560
1513,1512,1514,1558,1559,1560,1466,1467,1468
1650,1604,1605,1606,1649,1651,1692,1693,1694
1605,1604,1606,1649,1650,1651,1559,1560,1561
1560,1604,1605,1606,1513,1514,1515,1559,1561
1514,1513,1515,1559,1560,1561,1467,1468,1469
1651,1605,1606,1607,1650,1693,1694
1606,1605,1607,1650,1651,1560,1561,1562
1561,1605,1606,1607,1514,1515,1516,1560,1562
1515,1514,1516,1560,1561,1562,1468,1469
1607,1561,1562,1651,1606
1562,1606,1607,1515,1516,1561
1516,1561,1562,1515,1469
1352,1408,1351,1353,1296,1297,1298,1406,1407
1457,1408,1409,1504,1503,1456,1458,1502,1407
1408,1409,1352,1353,1354,1456,1457,1458,1407
1353,1408,1409,1352,1354,1297,1298,1299,1407
1458,1408,1409,1410,1504,1505,1457,1459,1503
1409,1408,1410,1353,1354,1355,1457,1458,1459
1354,1408,1409,1410,1353,1355,1298,1299,1300
1459,1504,1409,1410,1411,1505,1506,1458,1460
1410,1409,1411,1354,1355,1356,1458,1459,1460
1355,1409,1410,1411,1354,1356,1299,1300,1301
1241,1184,1185,1186,1296,1297,1298,1240,1242
1298,1352,1353,1354,1297,1299,1241,1242,1243
1242,1185,1186,1187,1297,1298,1299,1241,1243
1299,1353,1354,1355,1298,1300,1242,1243,1244
1243,1186,1187,1188,1298,1299,1300,1242,1244
1300,1354,1355,1356,1299,1301,1243,1244,1245
1244,1187,1188,1189,1299,1300,1301,1243,1245
1460,1505,1410,1411,1412,1506,1507,1459,1461
1411,1410,1412,1355,1356,1357,1459,1460,1461
1356,1410,1411,1412,1355,1357,1300,1301,1302
1301,1355,1356,1357,1300,1302,1244,1245,1246
1245,1188,1189,1190,1300,1301,1302,1244,1246
1461,1506,1411,1412,1413,1507,1508,1460,1462
1412,1411,1413,1356,1357,1358,1460,1461,1462
1357,1411,1412,1413,1356,1358,1301,1302,1303
1302,1356,1357,1358,1301,1303,1245,1246,1247
1246,1189,1190,1191,1301,1302,1303,1245,1247
1462,1507,1412,1413,1414,1508,1509,1461,1463
1413,1412,1414,1357,1358,1359,1461,1462,1463
1358,1412,1413,1414,1357,1359,1302,1303,1304
1303,1248,1357,1358,1359,1302,1304,1246,1247
1247,1248,1190,1191,1192,1302,1303,1304,1246
1128,1184,1185,1186,1127,1129,1071,1072,1073
1186,1185,1187,1128,1129,1130,1241,1242,1243
1129,1185,1186,1187,1128,1130,1072,1073,1074
1073,1128,1129,1130,1072,1074,1018,1019,1020
1019,967,968,969,1072,1073,1074,1018,1020
1187,1186,1188,1129,1130,1131,1242,1243,1244
1130,1186,1187,1188,1129,1131,1073,1074,1075
1074,1129,1130,1131,1073,1075,1019,1020,1021
1020,968,969,970,1073,1074,1075,1019,1021
1188,1187,1189,1130,1131,1132,1243,1244,1245
1131,1187,1188,1189,1130,1132,1074,1075,1076
1075,1130,1131,1132,1074,1076,1020,1021,1022
1021,969,970,971,1074,1075,1076,1020,1022
1189,1188,1190,1131,1132,1133,1244,1245,1246
1132,1188,1189,1190,1131,1133,1075,1076,1077
1076,1131,1132,1133,1075,1077,1021,1022,1023
1022,970,971,972,1075,1076,1077,1021,1023
1190,1189,1191,1132,1133,1134,1245,1246,1247
1133,1189,1190,1191,1132,1134,1076,1077,1078
1077,1024,1132,1133,1134,1076,1078,1022,1023
1023,1024,971,972,973,1076,1077,1078,1022
1191,1248,1190,1192,1133,1134,1135,1246,1247
1134,1190,1191,1192,1133,1135,1077,1078,1079
1078,1024,1025,1133,1134,1135,1077,1079,1023
1024,1025,972,973,974,1077,1078,1079,1023
1463,1508,1413,1414,1415,1509,1510,1462,1464
1414,1413,1415,1358,1359,1360,1462,1463,1464
1359,1413,1414,1415,1358,1360,1303,1304,1305
1464,1509,1414,1415,1416,1510,1511,1463,1465
1415,1414,1416,1359,1360,1361,1463,1464,1465
1360,1414,1415,1416,1359,1361,1304,1305,1306
1465,1510,1415,1416,1417,1511,1512,1464,1466
1416,1415,1417,1360,1361,1362,1464,1465,1466
1361,1415,1416,1417,1360,1362,1305,1306,1307
1466,1511,1416,1417,1418,1512,1513,1465,1467
1417,1416,1418,1361,1362,1363,1465,1466,1467
1362,1416,1417,1418,1361,1363,1306,1307,1308
1304,1248,1249,1358,1359,1360,1303,1305,1247
1248,1249,1191,1192,1193,1303,1304,1305,1247
1305,1248,1249,1250,1359,1360,1361,1304,1306
1249,1248,1250,1192,1193,1194,1304,1305,1306
1306,1249,1250,1251,1360,1361,1362,1305,1307
1250,1249,1251,1193,1194,1195,1305,1306,1307
1307,1250,1251,1252,1361,1362,1363,1306,1308
1251,1250,1252,1194,1195,1196,1306,1307,1308
1467,1512,1417,1418,1419,1513,1514,1466,1468
1418,1417,1419,1362,1363,1364,1466,1467,1468
1363,1417,1418,1419,1362,1364,1307,1308,1309
1308,1251,1252,1253,1362,1363,1364,1307,1309
1252,1251,1253,1195,1196,1197,1307,1308,1309
1468,1513,1418,1419,1420,1514,1515,1467,1469
1419,1418,1420,1363,1364,1365,1467,1468,1469
1364,1418,1419,1420,1363,1365,1308,1309,1310
1309,1252,1253,1254,1363,1364,1365,1308,1310
1253,1252,1254,1196,1197,1198,1308,1309,1310
1469,1514,1419,1420,1515,1516,1468
1420,1419,1364,1365,1468,1469
1365,1419,1420,1364,1309,1310
1310,1253,1254,1364,1365,1309
1254,1253,1197,1198,1309,1310
1192,1248,1249,1191,1193,1134,1135,1136,1247
1135,1191,1192,1193,1134,1136,1078,1079,1080
1079,1024,1025,1026,1134,1135,1136,1078,1080
1025,1024,1026,973,974,975,1078,1079,1080
1193,1248,1249,1250,1192,1194,1135,1136,1137
1136,1192,1193,1194,1135,1137,1079,1080,1081
1080,1025,1026,1027,1135,1136,1137,1079,1081
1026,1025,1027,974,975,976,1079,1080,1081
1194,1249,1250,1251,1193,1195,1136,1137,1138
1081,1026,1027,1028,1136,1137,1138,1080,1082
1027,1026,1028,975,976,977,1080,1081,1082
1137,1193,1194,1195,1136,1138,1080,1081,1082
1195,1250,1251,1252,1194,1196,1137,1138,1139
1138,1194,1195,1196,1137,1139,1081,1082,1083
1082,1027,1028,1029,1137,1138,1139,1081,1083
1028,1027,1029,976,977,978,1081,1082,1083
1196,1251,1252,1253,1195,1197,1138,1139,1140
1139,1195,1196,1197,1138,1140,1082,1083,1084
1083,1028,1029,1030,1138,1139,1140,1082,1084
1029,1028,1030,977,978,979,1082,1083,1084
1197,1252,1253,1254,1196,1198,1139,1140,1141
1140,1196,1197,1198,1139,1141,1083,1084
1084,1029,1030,1139,1140,1141,1083
1030,1029,978,979,1083,1084
1198,1253,1254,1197,1140,1141
1141,1140,1084,1197,1198
931,932,883,981,982,983
932,931,933,883,884,982,983,984
883,835,932,836,931,933,884
835,884,883,788,836
933,932,934,883,884,885,983,984,985
884,835,836,837,932,933,934,883,885
836,835,837,883,788,789,884,885
788,835,836,837,743,789
934,933,935,884,885,886,984,985,986
885,836,837,838,933,934,935,884,886
837,836,838,788,789,790,884,885,886
789,836,837,838,743,744,788,790
935,934,936,885,886,887,985,986,987
886,837,838,839,934,935,936,885,887
838,837,839,887,789,790,791,885,886
790,837,838,743,744,745,839,789,791
936,935,937,886,887,888,986,987,988
887,838,839,840,935,936,937,886,888
839,838,840,887,888,790,791,792,886
791,838,839,744,745,746,840,790,792
743,744,788,789,790,700,701
700,744,658,701,743
744,743,745,789,790,791,700,701,702
701,743,744,745,658,659,700,702
658,616,617,659,700,701,702
616,617,658,659,574,575
574,616,617,533,534,575
745,744,746,790,791,792,701,702,703
702,744,745,746,658,659,660,701,703
659,616,617,618,658,660,701,702,703
617,576,616,618,658,659,660,574,575
575,576,616,617,618,533,534,535,574
937,936,938,887,888,889,987,988,989
888,839,840,841,936,937,938,887,889
840,839,841,887,888,791,792,793,889
792,839,840,745,746,747,841,791,793
938,937,939,888,889,890,988,989,990
889,840,841,842,937,938,939,888,890
841,840,842,888,890,792,793,794,889
793,840,841,746,747,748,842,792,794
939,938,940,889,890,891,989,990,991
890,841,842,843,938,939,940,889,891
842,891,841,843,890,793,794,795,889
794,841,842,747,748,749,843,793,795
940,992,939,941,890,891,892,990,991
891,842,843,844,939,940,941,890,892
843,891,892,842,844,794,795,796,890
795,842,843,748,749,750,844,794,796
941,992,993,940,942,891,892,893,991
892,843,844,845,940,941,942,891,893
844,891,892,843,845,893,795,796,797
796,843,844,749,750,751,845,795,797
942,992,993,994,941,943,892,893,894
893,844,845,846,941,942,943,892,894
845,892,844,893,846,894,796,797,798
797,844,845,750,751,752,846,796,798
943,993,994,995,942,944,893,894,895
894,845,846,847,942,943,944,893,895
846,845,893,847,894,895,797,798,799
798,845,846,751,752,753,847,797,799
746,704,745,747,791,792,793,702,703
703,704,745,746,747,659,660,661,702
660,704,617,618,619,659,661,702,703
747,704,705,746,748,792,793,794,703
704,705,746,747,748,660,661,662,703
661,704,705,618,619,620,660,662,703
748,704,705,706,747,749,793,794,795
705,704,706,747,748,749,661,662,663
662,704,705,706,619,620,621,661,663
749,705,706,707,748,750,794,795,796
706,705,707,748,749,750,662,663,664
663,705,706,707,620,621,622,662,664
618,576,577,617,619,659,660,661,575
576,577,617,618,619,534,535,536,575
619,576,577,578,618,620,660,661,662
577,576,578,618,619,620,535,536,537
620,577,578,579,619,621,661,662,663
578,577,579,619,620,621,536,537,538
621,578,579,580,620,622,662,663,664
579,578,580,620,621,622,537,538,539
750,706,707,708,749,751,795,796,797
707,706,708,749,750,751,663,664,665
664,706,707,708,621,622,623,663,665
622,579,580,581,621,623,663,664,665
580,579,581,621,622,623,538,539,540
751,707,708,709,750,752,796,797,798
708,707,709,750,751,752,664,665,666
665,707,708,709,622,623,624,664,666
623,580,581,582,622,624,664,665,666
581,580,582,622,623,624,539,540,541
752,708,709,710,751,753,797,798,799
709,708,710,751,752,753,665,666,667
666,708,709,710,623,624,625,665,667
624,581,582,583,623,625,665,666,667
582,581,583,623,624,625,540,541,542
533,574,493,534,575
534,576,493,494,533,535,574,575
493,452,453,494,533,534,535
452,453,493,494,409,410
409,452,453,365,366,410
535,576,577,493,494,495,534,536,575
494,452,453,454,493,495,534,535,536
453,452,454,493,494,495,409,410,411
410,452,453,454,365,366,367,409,411
536,576,577,578,494,495,496,535,537
495,453,454,455,494,496,535,536,537
454,453,455,494,495,496,410,411,412
411,453,454,455,366,367,368,410,412
537,577,578,579,495,496,497,536,538
496,454,455,456,495,497,536,537,538
455,454,456,495,496,497,411,412,413
412,454,455,456,367,368,369,411,413
365,320,409,410,366
366,320,321,365,367,409,410,411
320,321,365,366,367
367,320,321,322,366,368,410,411,412
321,320,322,366,367,368,276
368,321,322,323,367,369,411,412,413
322,321,323,367,368,369,276,277
276,321,322,323,277
538,578,579,580,496,497,498,537,539
497,455,456,457,496,498,537,538,539
456,455,457,496,497,498,412,413,414
413,455,456,457,368,369,370,412,414
539,579,580,581,497,498,499,538,540
498,456,457,458,497,499,538,539,540
457,456,458,497,498,499,413,414,415
414,456,457,458,369,370,371,413,415
540,580,581,582,498,499,500,539,541
499,457,458,459,498,500,539,540,541
458,416,457,459,498,499,500,414,415
415,416,457,458,459,370,371,372,414
541,581,582,583,499,500,501,540,542
500,458,459,460,499,501,540,541,542
459,416,417,458,460,499,500,501,415
416,417,458,459,460,371,372,373,415
369,322,323,324,368,370,412,413,414
323,322,324,368,369,370,276,277,278
277,322,323,324,239,276,278
370,323,324,325,369,371,413,414,415
324,323,325,369,370,371,277,278,279
278,323,324,325,239,240,277,279
239,240,277,278,279
371,416,324,325,326,370,372,414,415
325,324,326,370,371,372,278,279,280
279,324,325,326,239,240,241,278,280
240,239,241,278,279,280
372,416,417,325,326,327,371,373,415
326,325,327,371,372,373,279,280,281
280,325,326,327,240,241,242,279,281
241,240,242,279,280,281
944,896,994,995,996,943,945,894,895
895,896,846,847,848,943,944,945,894
847,800,896,846,848,894,895,798,799
945,896,897,995,996,997,944,946,895
896,897,847,848,849,944,945,946,895
848,800,801,896,897,847,849,895,799
946,896,897,898,996,997,998,945,947
897,896,898,848,849,850,945,946,947
849,800,801,802,896,897,898,848,850
947,897,898,899,997,998,999,946,948
898,897,899,849,850,851,946,947,948
850,801,802,803,897,898,899,849,851
799,800,846,847,752,753,754,848,798
753,800,709,710,711,752,754,798,799
710,709,711,752,753,754,666,667,668
800,801,847,848,753,754,755,849,799
754,800,801,710,711,712,753,755,799
711,710,712,753,754,755,667,668,669
801,800,802,848,849,754,755,756,850
755,800,801,802,711,712,713,754,756
712,711,713,754,755,756,668,669,670
802,801,803,849,850,755,756,757,851
756,801,802,803,712,713,714,755,757
713,712,714,755,756,757,669,670,671
948,898,899,900,998,999,1000,947,949
899,898,900,850,851,852,947,948,949
851,802,803,804,898,899,900,850,852
949,899,900,901,999,1000,1001,948,950
900,899,901,851,852,853,948,949,950
852,803,804,805,899,900,901,851,853
950,900,901,902,1000,1001,1002,949,951
901,900,902,951,852,853,854,949,950
853,804,805,806,900,901,902,852,854
803,802,804,850,851,756,757,758,852
757,802,803,804,713,714,715,756,758
714,672,713,715,756,757,758,670,671
804,803,805,851,852,757,758,759,853
758,803,804,805,714,715,716,757,759
715,672,673,714,716,757,758,759,671
805,804,806,852,853,758,759,760,854
759,804,805,806,715,716,717,758,760
716,672,673,674,715,717,758,759,760
667,709,710,711,624,625,626,666,668
625,582,583,584,624,626,666,667,668
583,582,584,624,625,626,541,542,543
668,710,711,712,625,626,627,667,669
626,583,584,585,625,627,667,668,669
584,544,583,585,625,626,627,542,543
669,711,712,713,626,627,628,668,670
627,584,585,586,626,628,668,669,670
585,544,545,584,586,626,627,628,543
670,712,713,714,627,628,629,669,671
628,585,586,587,627,629,669,670,671
586,544,545,546,585,587,627,628,629
542,582,583,584,500,501,502,541,543
501,459,460,461,500,502,541,542,543
460,416,417,418,459,461,500,501,502
543,544,583,584,585,501,502,503,542
502,544,460,461,462,501,503,542,543
461,417,418,419,460,462,501,502,503
544,545,584,585,586,502,503,504,543
503,544,545,461,462,463,502,504,543
462,418,419,420,461,463,502,503,504
545,544,546,585,586,587,503,504,505
504,544,545,546,462,463,464,503,505
463,419,420,421,462,464,503,504,505
671,672,713,714,715,628,629,630,670
629,672,586,587,588,628,630,670,671
587,545,546,547,586,588,628,629,630
672,673,714,715,716,629,630,631,671
630,672,673,587,588,589,629,631,671
588,546,547,548,587,589,629,630,631
673,672,674,715,716,717,630,631,632
631,672,673,674,588,589,590,630,632
589,547,548,549,588,590,630,631,632
546,545,547,586,587,588,504,505,506
505,545,546,547,463,464,465,504,506
464,420,421,422,463,465,504,505,506
547,546,548,587,588,589,505,506,507
506,546,547,548,464,465,466,505,507
465,421,422,423,464,466,505,506,507
548,547,549,588,589,590,506,507,508
507,547,548,549,465,466,467,506,508
466,422,423,424,465,467,506,507,508
951,901,902,903,1001,1002,1003,950,952
902,901,903,951,853,854,855,950,952
854,805,806,807,901,902,903,853,855
952,902,903,904,1002,1003,1004,951,953
903,902,904,951,854,855,856,952,953
855,806,807,808,902,903,904,854,856
953,903,904,905,1003,1004,1005,952,954
904,903,905,952,855,856,857,954,953
856,807,808,809,903,904,905,855,857
954,904,905,906,1004,1005,1006,953,955
905,954,955,904,906,856,857,858,953
857,808,809,810,904,905,906,856,858
806,805,807,855,853,854,759,760,761
760,805,806,807,716,717,718,759,761
717,673,674,675,716,718,759,760,761
807,806,808,856,854,855,760,761,762
761,806,807,808,717,718,719,760,762
718,674,675,676,717,719,760,761,762
808,807,809,855,856,761,762,763,857
762,807,808,809,718,719,720,761,763
719,675,676,677,718,720,761,762,763
809,808,810,856,857,762,763,764,858
763,808,809,810,719,720,721,762,764
720,676,677,678,719,721,762,763,764
955,905,906,907,1005,1006,1007,954,956
906,954,955,905,907,857,858,859,956
858,809,810,811,905,906,907,857,859
956,906,907,908,1006,1007,1008,955,957
907,955,906,956,908,858,859,860,957
859,810,811,812,906,907,908,858,860
957,907,908,909,1007,1008,1009,956,958
908,956,907,909,957,859,860,861,958
860,811,812,813,907,908,909,859,861
764,809,810,811,720,721,722,763,765
810,859,809,811,857,858,763,764,765
721,677,678,679,720,722,763,764,765
811,860,810,812,858,859,764,765,766
765,810,811,812,721,722,723,764,766
722,678,679,680,721,723,764,765,766
812,811,861,813,859,860,765,766,767
766,811,812,813,722,723,724,765,767
723,679,680,681,722,724,765,766,767
674,673,675,716,717,718,631,632,633
632,673,674,675,589,590,591,631,633
590,548,549,550,589,591,631,632,633
675,674,676,717,718,719,632,633,634
633,674,675,676,590,591,592,632,634
591,549,550,551,590,592,632,633,634
676,675,677,718,719,720,633,634,635
634,675,676,677,591,592,593,633,635
592,550,551,552,591,593,633,634,635
677,676,678,719,720,721,634,635,636
635,676,677,678,592,593,594,634,636
593,551,552,553,592,594,634,635,636
549,548,550,589,590,591,507,508,509
508,548,549,550,466,467,468,507,509
467,423,424,425,466,468,507,508,509
550,549,551,590,591,592,508,509,510
509,549,550,551,467,468,469,508,510
468,424,425,426,467,469,508,509,510
551,550,552,591,592,593,509,510,511
510,550,551,552,468,469,470,509,511
469,425,426,427,468,470,509,510,511
552,512,551,553,592,593,594,510,511
511,512,551,552,553,469,470,471,510
470,512,426,427,428,469,471,510,511
678,677,679,720,721,722,635,636,637
636,677,678,679,593,594,595,635,637
594,552,553,554,593,595,635,636,637
679,678,680,721,722,723,636,637,638
637,678,679,680,594,595,596,636,638
595,553,554,555,594,596,636,637,638
680,679,681,722,723,724,637,638,639
638,679,680,681,595,596,597,637,639
596,554,555,556,595,597,637,638,639
553,512,513,552,554,593,594,595,511
512,513,552,553,554,470,471,472,511
471,512,513,427,428,429,470,472,511
554,512,513,514,553,555,594,595,596
513,512,514,553,554,555,471,472,473
472,512,513,514,428,429,430,471,473
555,513,514,515,554,556,595,596,597
514,513,515,554,555,556,472,473,474
473,513,514,515,429,430,431,472,474
417,416,418,459,460,461,372,373,374
373,416,417,418,326,327,328,372,374
327,326,328,372,373,374,280,281,282
418,417,419,460,461,462,373,374,375
374,417,418,419,327,328,329,373,375
328,327,329,373,374,375,281,282,283
419,418,420,461,462,463,374,375,376
375,418,419,420,328,329,330,374,376
329,328,330,374,375,376,282,283,284
420,419,421,462,463,464,375,376,377
376,419,420,421,329,330,331,375,377
330,329,331,375,376,377,283,284,285
281,326,327,328,241,242,243,280,282
242,241,243,280,281,282
282,327,328,329,242,243,244,281,283
243,242,244,281,282,283
283,328,329,330,243,244,245,282,284
244,243,245,282,283,284
284,329,330,331,244,245,246,283,285
245,244,213,246,283,284,285
421,420,422,463,464,465,376,377,378
377,420,421,422,330,331,332,376,378
331,330,332,376,377,378,284,285,286
285,330,331,332,245,246,247,284,286
246,245,213,214,247,284,285,286
422,421,423,464,465,466,377,378,379
378,421,422,423,331,332,333,377,379
332,331,333,377,378,379,285,286,287
286,331,332,333,246,247,248,285,287
247,213,246,214,248,215,285,286,287
423,422,424,465,466,467,378,379,380
379,422,423,424,332,333,334,378,380
333,288,332,334,378,379,380,286,287
287,288,332,333,334,247,248,249,286
248,288,214,247,216,249,215,286,287
213,245,214,246,247,189,190
189,168,169,213,214,190
168,169,147,148,189,190
214,213,246,215,248,247,189,190,191
190,168,169,170,213,214,215,189,191
169,168,170,147,148,149,189,190,191
215,192,248,214,247,216,249,190,191
191,192,169,170,171,214,215,216,190
170,192,169,171,148,149,150,190,191
147,129,130,168,169,148
129,113,130,147,148
148,129,130,131,168,169,170,147,149
130,129,131,113,114,147,148,149
113,129,114,131,130
149,130,131,132,169,170,171,148,150
131,130,132,113,114,115,148,149,150
114,130,131,132,113,115
424,423,425,466,467,468,379,380,381
380,423,424,425,333,334,335,379,381
334,288,289,333,335,379,380,381,287
425,424,426,467,468,469,380,381,382
381,424,425,426,334,335,336,380,382
335,288,289,290,334,336,380,381,382
426,425,427,468,469,470,381,382,383
382,425,426,427,335,336,337,381,383
336,289,290,291,335,337,381,382,383
427,384,426,428,469,470,471,382,383
383,384,426,427,428,336,337,338,382
337,384,290,291,292,336,338,382,383
288,289,333,334,335,248,249,250,287
249,248,288,289,215,216,217,250,287
289,288,290,334,335,336,249,250,251
250,288,289,290,249,216,217,218,251
290,289,291,335,336,337,250,251,252
251,289,290,291,218,217,250,219,252
291,290,292,336,337,338,251,252,253
252,290,291,292,251,218,219,220,253
428,384,385,427,429,470,471,472,383
384,385,427,428,429,337,338,339,383
338,384,385,291,292,293,337,339,383
292,291,293,337,338,339,252,253,254
253,291,292,293,252,219,220,254
429,384,385,386,428,430,471,472,473
385,384,386,428,429,430,338,339,340
339,384,385,386,292,293,294,338,340
293,292,294,338,339,340,253,254,255
254,292,293,294,220,253,255
430,385,386,387,429,431,472,473,474
386,385,387,429,430,431,339,340,341
340,385,386,387,293,294,295,339,341
294,293,295,339,340,341,254,255
255,294,293,254,295
216,192,193,249,215,248,217,250,191
192,193,170,171,172,215,216,217,191
171,192,193,170,172,149,150,151,191
217,192,193,194,250,216,249,218,251
193,192,194,171,172,173,216,217,218
172,192,193,194,171,173,150,151,152
218,193,194,195,251,217,250,219,252
194,193,195,172,173,174,217,218,219
173,193,194,195,172,174,151,152,153
219,194,195,252,218,251,220,253
195,194,173,174,218,219,220
174,194,195,173,152,153
220,195,219,252,253,254
150,131,132,133,170,171,172,149,151
132,131,133,114,115,116,149,150,151
115,131,132,133,114,116
151,132,133,134,171,172,173,150,152
133,132,134,115,116,117,150,151,152
116,132,133,134,115,117
152,133,134,172,173,174,151,153
134,133,116,117,151,152,153
117,116,133,134
153,152,174,173,134
958,908,909,910,1008,1009,1010,957,959
909,908,910,957,958,860,861,862,959
861,812,813,814,908,909,910,860,862
813,768,812,814,862,860,861,766,767
959,960,909,910,911,1009,1010,1011,958
910,960,909,911,958,959,861,862,863
862,813,814,815,909,910,911,861,863
814,768,769,813,815,863,861,862,767
960,961,910,911,912,1010,1011,1012,959
911,864,960,961,910,912,959,862,863
863,864,814,815,816,910,911,912,862
815,768,769,770,864,814,816,862,863
961,960,962,911,912,913,1011,1012,1013
864,865,815,816,817,911,912,913,863
816,864,769,770,771,865,815,817,863
912,864,865,960,961,962,911,913,863
962,961,963,912,913,914,1012,1013,1014
913,864,865,866,961,962,963,912,914
865,864,866,816,817,818,912,913,914
817,864,865,770,771,772,866,816,818
963,962,964,913,914,915,1013,1014,1015
914,865,866,867,962,963,964,913,915
866,865,867,817,818,819,913,914,915
818,865,866,771,772,773,867,817,819
767,768,812,813,814,723,724,725,766
724,768,680,681,682,723,725,766,767
681,640,680,682,723,724,725,638,639
639,640,680,681,682,596,597,598,638
597,640,555,556,557,596,598,638,639
768,769,813,814,815,724,725,726,767
725,768,769,681,682,683,724,726,767
682,640,641,681,683,724,725,726,639
640,641,681,682,683,597,598,599,639
598,640,641,556,557,558,597,599,639
769,768,770,814,815,816,725,726,727
726,768,769,770,682,683,684,725,727
683,640,641,642,682,684,725,726,727
641,640,642,682,683,684,598,599,600
599,640,641,642,557,558,559,598,600
770,769,771,815,816,817,726,727,728
727,769,770,771,683,684,685,726,728
684,641,642,643,683,685,726,727,728
642,641,643,683,684,685,599,600,601
600,641,642,643,558,559,560,599,601
771,770,772,816,817,818,727,728,729
728,770,771,772,684,685,686,727,729
685,642,643,644,684,686,727,728,729
643,642,644,684,685,686,600,601,602
601,642,643,644,559,560,561,600,602
772,771,773,817,818,819,728,729,730
729,771,772,773,685,686,687,728,730
686,643,644,645,685,687,728,729,730
644,643,645,685,686,687,601,602,603
602,643,644,645,560,561,562,601,603
964,963,965,914,915,916,1014,1015,1016
915,866,867,868,963,964,965,914,916
867,866,868,818,819,820,914,915,916
819,866,867,772,773,774,868,818,820
965,964,966,915,916,917,1015,1016,1017
916,867,868,869,964,965,966,915,917
868,867,869,819,820,821,915,916,917
820,867,868,773,774,775,869,819,821
966,965,967,916,917,918,1016,1017,1018
917,868,869,870,965,966,967,916,918
869,868,870,820,821,822,916,917,918
821,868,869,774,775,776,870,820,822
918,869,870,871,966,967,968,917,919
822,869,870,775,776,777,871,821,823
967,966,968,917,918,919,1017,1018,1019
870,869,871,919,821,822,823,917,918
968,967,969,918,919,920,1018,1019,1020
919,870,871,872,967,968,969,918,920
871,870,872,919,920,822,823,824,918
823,870,871,776,777,778,872,822,824
969,968,970,919,920,921,1019,1020,1021
920,871,872,873,968,969,970,919,921
872,871,873,919,920,823,824,825,921
824,871,872,777,778,779,873,823,825
970,969,971,920,921,922,1020,1021,1022
921,872,873,874,969,970,971,920,922
873,921,872,874,920,824,825,826,922
825,872,873,778,779,780,874,824,826
773,772,774,818,819,820,729,730,731
730,772,773,774,686,687,688,729,731
687,644,645,646,686,688,729,730,731
774,773,775,819,820,821,730,731,732
731,773,774,775,687,688,689,730,732
688,645,646,647,687,689,730,731,732
775,774,776,820,821,822,731,732,733
732,774,775,776,688,689,690,731,733
689,646,647,648,688,690,731,732,733
776,775,777,821,822,823,732,733,734
733,775,776,777,689,690,691,732,734
690,647,648,649,689,691,732,733,734
645,644,646,686,687,688,602,603,604
603,644,645,646,561,562,563,602,604
646,645,647,687,688,689,603,604,605
604,645,646,647,562,563,564,603,605
647,646,648,688,689,690,604,605,606
605,646,647,648,563,564,565,604,606
606,647,648,649,564,565,566,605,607
648,647,649,689,690,691,605,606,607
777,776,778,822,823,824,733,734,735
734,776,777,778,690,691,692,733,735
691,648,649,650,690,692,733,734,735
649,608,648,650,690,691,692,606,607
607,608,648,649,650,565,566,567,606
778,736,777,779,823,824,825,734,735
735,736,777,778,779,691,692,693,734
692,736,649,650,651,691,693,734,735
650,608,609,649,651,691,692,693,607
608,609,649,650,651,566,567,568,607
779,736,737,778,780,824,825,826,735
736,737,778,779,780,692,693,694,735
693,736,737,650,651,652,692,694,735
651,608,609,610,650,652,692,693,694
609,608,610,650,651,652,567,568,569
556,514,515,516,555,557,596,597,598
515,514,516,555,556,557,473,474,475
474,514,515,516,430,431,432,473,475
431,386,387,388,430,432,473,474,475
557,515,516,517,556,558,597,598,599
516,515,517,556,557,558,474,475,476
475,515,516,517,431,432,433,474,476
432,387,388,389,431,433,474,475,476
558,516,517,518,557,559,598,599,600
517,516,518,557,558,559,475,476,477
476,516,517,518,432,433,434,475,477
433,388,389,390,432,434,475,476,477
559,517,518,519,558,560,599,600,601
518,517,519,558,559,560,476,477,478
434,389,390,391,433,435,476,477,478
477,517,518,519,433,434,435,476,478
560,518,519,520,559,561,600,601,602
519,518,520,559,560,561,477,478,479
478,518,519,520,434,435,436,477,479
435,390,391,392,434,436,477,478,479
561,519,520,521,560,562,601,602,603
520,480,519,521,560,561,562,478,479
479,480,519,520,521,435,436,437,478
436,480,391,392,393,435,437,478,479
387,386,388,430,431,432,340,341,342
341,386,387,388,294,295,340,342
295,294,340,341,342,255
388,387,389,431,432,433,341,342,343
342,387,388,389,295,296,341,343
389,388,390,432,433,434,342,343,344
343,388,389,390,296,297,342,344
296,344,297,342,343
390,389,391,433,434,435,343,344,345
344,389,390,391,296,297,298,343,345
297,296,298,343,344,345
391,390,392,434,435,436,344,345,346
345,390,391,392,297,298,299,344,346
298,256,297,299,344,345,346
392,391,393,435,436,437,345,346,347
346,391,392,393,298,299,300,345,347
299,256,257,298,300,345,346,347
256,257,298,299,300
562,520,521,522,561,563,602,603,604
521,480,481,520,522,561,562,563,479
480,481,520,521,522,436,437,438,479
563,521,522,523,562,564,603,604,605
522,480,481,482,521,523,562,563,564
481,480,482,521,522,523,437,438,439
564,522,523,524,563,565,604,605,606
523,481,482,483,522,524,563,564,565
482,481,483,522,523,524,438,439,440
524,482,483,484,523,525,564,565,566
483,482,484,523,524,525,439,440,441
565,523,524,525,564,566,605,606,607
437,480,481,392,393,394,436,438,479
393,392,394,436,437,438,346,347,348
438,480,481,482,393,394,395,437,439
394,393,395,437,438,439,347,348,349
439,481,482,483,394,395,396,438,440
395,394,396,438,439,440,348,349,350
396,395,397,439,440,441,349,350,351
440,482,483,484,395,396,397,439,441
566,608,524,525,526,565,567,606,607
525,483,484,485,524,526,565,566,567
484,483,485,524,525,526,440,441,442
441,483,484,485,396,397,398,440,442
397,352,396,398,440,441,442,350,351
567,608,609,525,526,527,566,568,607
526,484,485,486,525,527,566,567,568
485,484,486,525,526,527,441,442,443
442,484,485,486,397,398,399,441,443
398,352,353,397,399,441,442,443,351
568,608,609,610,526,527,528,567,569
527,485,486,487,526,528,567,568,569
486,485,487,526,527,528,442,443,444
443,485,486,487,398,399,400,442,444
399,352,353,354,398,400,442,443,444
347,392,393,394,299,300,301,346,348
300,256,257,258,299,301,346,347,348
257,256,258,299,300,301,221
348,393,394,395,300,301,302,347,349
301,257,258,259,300,302,347,348,349
258,257,259,300,301,302,221,222
221,257,258,259,196,222
349,394,395,396,301,302,303,348,350
302,258,259,260,301,303,348,349,350
259,258,260,301,302,303,221,222,223
222,258,259,196,197,260,221,223
303,259,260,261,302,304,349,350,351
223,224,259,196,197,198,260,261,222
350,395,396,397,302,303,304,349,351
260,224,259,261,302,303,304,222,223
351,352,396,397,398,303,304,305,350
304,352,260,261,262,303,305,350,351
261,224,225,260,262,303,304,305,223
224,225,260,197,198,199,261,262,223
352,353,397,398,399,304,305,306,351
305,352,353,261,262,263,304,306,351
262,224,225,226,261,263,304,305,306
225,224,226,261,198,199,200,262,263
353,352,354,398,399,400,305,306,307
306,352,353,354,262,263,264,305,307
263,225,226,227,262,264,305,306,307
226,225,227,262,199,200,201,263,264
971,970,972,921,922,923,1021,1022,1023
922,873,874,875,970,971,972,921,923
874,921,923,873,875,825,826,827,922
826,873,874,779,780,781,875,825,827
972,1024,971,973,922,923,924,1022,1023
923,874,875,876,971,972,973,922,924
875,923,924,874,876,826,827,828,922
827,874,875,780,781,782,876,826,828
973,1024,1025,972,974,923,924,925,1023
924,875,876,877,972,973,974,923,925
876,923,924,875,877,925,827,828,829
828,875,876,781,782,783,877,827,829
974,1024,1025,1026,973,975,924,925,926
925,876,877,878,973,974,975,924,926
877,924,876,878,925,926,828,829,830
829,876,877,782,783,784,878,828,830
975,1025,1026,1027,974,976,925,926,927
926,877,878,879,974,975,976,925,927
878,877,925,879,926,927,829,830,831
830,877,878,783,784,785,879,829,831
927,928,878,879,880,975,976,977,926
831,832,878,879,784,785,786,880,830
976,928,1026,1027,1028,975,977,926,927
879,832,928,878,880,926,927,830,831
977,928,929,1027,1028,1029,976,978,927
928,929,879,880,881,976,977,978,927
880,832,833,928,929,879,881,927,831
832,833,879,880,785,786,787,881,831
978,928,929,930,1028,1029,1030,977,979
929,928,930,880,881,882,977,978,979
881,832,833,834,928,929,930,880,882
833,832,834,880,881,786,787,882
979,929,930,1029,1030,978
930,929,881,882,978,979
882,833,930,834,929,881
834,833,882,787,881
780,736,737,738,779,781,825,826,827
737,736,738,779,780,781,693,694,695
694,736,737,738,651,652,653,693,695
781,737,738,739,780,782,826,827,828
738,737,739,780,781,782,694,695,696
695,737,738,739,652,653,654,694,696
782,738,739,740,781,783,827,828,829
739,738,740,781,782,783,695,696,697
696,738,739,740,653,654,655,695,697
783,739,740,741,782,784,828,829,830
740,739,741,782,783,784,696,697,698
697,739,740,741,654,655,656,696,698
652,609,610,611,651,653,693,694,695
610,609,611,651,652,653,568,569,570
653,610,611,612,652,654,694,695,696
611,610,612,652,653,654,569,570,571
654,611,612,613,653,655,695,696,697
612,611,613,653,654,655,570,571,572
655,612,613,614,654,656,696,697,698
613,612,614,654,655,656,571,572,573
784,740,741,742,783,785,829,830,831
741,740,742,783,784,785,697,698,699
698,740,741,742,655,656,657,697,699
656,613,614,615,655,657,697,698,699
614,613,615,655,656,657,572,573
785,832,741,742,784,786,830,831
742,741,784,785,786,698,699
699,741,742,656,657,698
615,656,657,573,614
657,614,615,656,698,699
786,832,833,742,785,787,831
787,832,833,786,834
569,609,610,611,527,528,529,568,570
528,486,487,488,527,529,568,569,570
487,486,488,527,528,529,443,444,445
570,610,611,612,528,529,530,569,571
529,487,488,489,528,530,569,570,571
488,487,489,528,529,530,444,445,446
571,611,612,613,529,530,531,570,572
530,488,489,490,529,531,570,571,572
489,488,490,529,530,531,445,446,447
572,612,613,614,530,531,532,571,573
531,489,490,491,530,532,571,572,573
490,448,489,491,530,531,532,446,447
444,486,487,488,399,400,401,443,445
400,353,354,355,399,401,443,444,445
445,487,488,489,400,401,402,444,446
401,354,355,356,400,402,444,445,446
446,488,489,490,401,402,403,445,447
402,355,356,357,401,403,445,446,447
447,448,489,490,491,402,403,404,446
403,448,356,357,358,402,404,446,447
573,613,614,615,531,532,572
532,490,491,492,531,572,573
491,448,449,490,492,531,532,447
448,449,490,491,492,403,404,405,447
404,448,449,357,358,359,403,405,447
492,448,449,450,491,532
405,448,449,450,358,359,360,404,406
449,448,450,491,492,404,405,406
450,449,451,492,405,406,407
406,449,450,451,359,360,361,405,407
354,353,355,399,400,401,306,307,308
307,353,354,355,263,264,265,306,308
264,226,227,228,263,265,306,307,308
227,226,228,263,200,201,202,264,265
355,354,356,400,401,402,307,308,309
308,354,355,356,264,265,266,307,309
265,227,228,229,264,266,307,308,309
228,227,229,264,201,202,203,265,266
356,355,357,401,402,403,308,309,310
309,355,356,357,265,266,267,308,310
266,228,229,230,265,267,308,309,310
229,228,230,265,202,203,204,266,267
357,356,358,402,403,404,309,310,311
310,356,357,358,266,267,268,309,311
267,229,230,231,266,268,309,310,311
230,229,231,266,203,204,205,267,268
358,357,359,403,404,405,310,311,312
311,357,358,359,267,268,269,310,312
268,230,231,232,267,269,310,311,312
231,230,232,267,204,205,206,268,269
312,358,359,360,268,269,270,311,313
232,231,233,268,205,206,207,269,270
359,358,360,404,405,406,311,312,313
269,231,232,233,268,270,311,312,313
360,359,361,405,406,407,312,313,314
313,359,360,361,269,270,271,312,314
270,232,233,234,269,271,312,313,314
233,232,234,269,206,207,208,270,271
451,408,450,406,407
407,450,451,360,361,362,406,408
361,360,362,406,407,408,313,314,315
408,451,361,362,363,407
362,361,363,407,408,314,315,316
363,362,364,408,315,316,317
364,363,316,317,318
314,360,361,362,270,271,272,313,315
271,233,234,235,270,272,313,314,315
234,233,235,270,207,208,209,271,272
315,361,362,363,271,272,273,314,316
272,234,235,236,271,273,314,315,316
235,234,236,271,208,209,210,272,273
316,362,363,364,272,273,274,315,317
273,235,236,237,272,274,315,316,317
236,235,237,272,209,210,211,273,274
317,363,364,273,274,275,316,318
274,236,237,238,273,275,316,317,318
237,236,238,273,210,211,212,274,275
318,364,274,275,317,319
275,237,238,274,317,318,319
238,237,274,275,211,212
319,275,318
196,197,175,221,222,223
197,224,196,198,175,176,222,223
154,176,175,155,135
175,196,197,198,176,154,155
198,224,225,197,199,175,176,177,223
176,197,198,199,175,177,154,155,156
155,135,136,175,176,177,154,156
135,136,118,154,155,156
199,224,225,226,198,200,176,177,178
177,198,199,200,176,178,155,156,157
156,135,136,137,176,177,178,155,157
136,135,137,118,119,155,156,157
200,225,226,227,199,201,177,178,179
178,199,200,201,177,179,156,157,158
157,136,137,138,177,178,179,156,158
137,136,138,118,119,120,156,157,158
118,135,104,136,103,137,119
103,104,118,94,119
119,103,104,105,136,137,138,118,120
104,103,105,118,119,120,94,95
94,103,104,105,84,85,95
84,75,85,94,95
201,226,227,228,200,202,178,179,180
179,200,201,202,178,180,157,158,159
158,137,138,139,178,179,180,157,159
138,137,139,119,120,121,157,158,159
202,227,228,229,201,203,179,180,181
180,160,201,202,203,179,181,158,159
159,160,138,139,140,179,180,181,158
139,160,138,140,120,121,122,158,159
203,228,229,230,202,204,180,181,182
181,160,161,202,203,204,180,182,159
160,161,139,140,141,180,181,182,159
140,160,161,139,141,121,122,123,159
204,229,230,231,203,205,181,182,183
182,160,161,162,203,204,205,181,183
161,160,162,140,141,142,181,182,183
141,160,161,162,140,142,122,123,124
205,230,231,232,204,206,182,183,184
183,161,162,163,204,205,206,182,184
162,161,163,141,142,143,182,183,184
142,161,162,163,141,143,123,124,125
120,104,105,106,137,138,139,119,121
105,96,104,106,119,120,121,94,95
95,96,104,105,106,84,85,86,94
85,96,75,76,84,86,94,95
121,105,106,107,138,139,140,120,122
106,96,97,105,107,120,121,122,95
96,97,105,106,107,85,86,87,95
86,96,97,75,76,77,85,87,95
122,106,107,108,139,140,141,121,123
107,96,97,98,106,108,121,122,123
97,96,98,106,107,108,86,87,88
87,96,97,98,76,77,78,86,88
123,107,108,109,140,141,142,122,124
108,97,98,99,107,109,122,123,124
98,97,99,107,108,109,87,88,89
88,97,98,99,77,78,79,87,89
124,108,109,110,141,142,143,123,125
109,98,99,100,108,110,123,124,125
99,98,100,108,109,110,88,89,90
89,98,99,100,78,79,80,88,90
75,66,76,84,85,86
76,66,67,75,77,85,86,87
66,67,75,76,77,57
77,66,67,68,76,78,86,87,88
67,66,68,76,77,78,57,58
57,66,67,68,48,49,58
48,49,58,57,39
78,67,68,69,77,79,87,88,89
68,67,69,77,78,79,57,58,59
58,67,68,69,48,49,50,57,59
49,39,40,48,50,57,58,59
79,68,69,70,78,80,88,89,90
69,68,70,78,79,80,58,59,60
59,68,69,70,49,50,51,58,60
50,39,40,41,49,51,58,59,60
39,40,48,49,50,30,31
30,40,39,21,31
40,32,39,41,49,50,51,30,31
31,32,39,40,41,21,22,30
21,32,11,12,22,30,31
11,21,12,5,22
206,231,232,233,205,207,183,184,185
163,162,164,142,143,144,183,184,185
143,162,163,164,142,144,124,125,126
184,162,163,164,205,206,207,183,185
207,232,233,234,206,208,184,185,186
185,163,164,165,206,207,208,184,186
164,163,165,143,144,145,184,185,186
144,163,164,165,143,145,125,126,127
208,233,234,235,207,209,185,186,187
186,164,165,166,207,208,209,185,187
165,164,166,144,145,146,185,186,187
145,128,164,165,166,144,146,126,127
209,234,235,236,208,210,186,187,188
187,165,166,167,208,209,210,186,188
166,165,167,145,146,186,187,188
146,128,165,166,167,145,127
210,235,236,237,209,211,187,188
188,166,167,209,210,211,187
167,146,187,188,166
211,236,237,238,210,212,188
212,211,237,238
125,109,110,111,142,143,144,124,126
110,99,100,101,109,111,124,125,126
126,110,111,112,143,144,145,125,127
111,100,101,102,110,112,125,126,127
127,128,111,112,144,145,146,126
112,128,101,102,111,126,127
128,112,145,146,127
100,99,101,109,110,111,89,90,91
90,99,100,101,79,80,81,89,91
80,69,70,71,79,81,89,90,91
101,100,102,110,111,112,90,91,92
91,100,101,102,80,81,82,90,92
81,70,71,72,80,82,90,91,92
102,101,111,112,91,92,93
92,101,102,81,82,83,91,93
82,71,72,73,81,83,91,92,93
93,82,83,92,102
83,72,73,74,82,92,93
70,69,71,79,80,81,59,60,61
60,69,70,71,50,51,52,59,61
51,40,41,42,50,52,59,60,61
41,32,33,40,42,50,51,52,31
71,70,72,80,81,82,60,61,62
61,70,71,72,51,52,53,60,62
52,41,42,43,51,53,60,61,62
42,32,33,34,41,43,51,52,53
72,71,73,81,82,83,61,62,63
62,71,72,73,52,53,54,61,63
53,42,43,44,52,54,61,62,63
43,33,34,35,42,44,52,53,54
73,64,72,74,82,83,62,63
63,64,72,73,74,53,54,55,62
54,64,43,44,45,53,55,62,63
44,34,35,36,43,45,53,54,55
74,64,65,73,83,63
64,65,73,74,54,55,56,63
55,64,65,44,45,46,54,56,63
45,35,36,37,44,46,54,55,56
65,56,74,64,55
56,64,65,45,46,47,55
46,36,37,38,45,47,55,56
47,46,56,37,38
32,33,40,41,42,21,22,23,31
22,32,33,11,12,13,21,23,31
5,1,6,11,12,13
12,5,6,11,13,21,22,23
33,32,34,41,42,43,22,23,24
23,32,33,34,12,13,14,22,24
13,5,6,7,12,14,22,23,24
6,1,2,5,7,12,13,14
1,2,5,6,7
34,33,35,42,43,44,23,24,25
24,33,34,35,13,14,15,23,25
14,6,7,8,13,15,23,24,25
7,1,2,3,6,8,13,14,15
2,1,3,6,7,8
35,34,36,43,44,45,24,25,26
25,34,35,36,14,15,16,24,26
15,7,8,9,14,16,24,25,26
8,2,3,4,7,9,14,15,16
3,2,4,7,8,9
36,35,37,44,45,46,25,26,27
26,35,36,37,15,16,17,25,27
16,8,9,10,15,17,25,26,27
9,3,4,8,10,15,16,17
4,8,9,10,3
37,36,38,45,46,47,26,27,28
27,36,37,38,16,17,18,26,28
17,9,10,16,18,26,27,28
10,4,9,16,17,18
38,37,46,47,27,28,29
28,37,38,17,18,19,27,29
18,10,17,19,27,28,29
29,38,18,19,20,28
19,18,29,20,28
20,19,29
