8,16,9,4,15
1,2,4,5
4,1,2,5,8,9,10
9,4,5,8,10,15,16,17
2,1,3,4,5,6
5,1,2,3,4,6,9,10,11
10,4,5,6,9,11,16,17,18
3,2,5,6,7
6,2,3,5,7,10,11,12
11,5,6,7,10,12,17,18,19
15,8,9,16,27,28
27,44,45,15,16,28
16,8,9,10,15,17,27,28,29
28,44,45,46,15,16,17,27,29
17,9,10,11,16,18,28,29,30
29,45,46,47,16,17,18,28,30
18,10,11,12,17,19,29,30,31
30,46,47,48,17,18,19,29,31
7,11,3,12,6
12,6,7,11,18,19,20
19,32,11,12,18,20,30,31
31,32,47,48,49,18,19,20,30
20,32,33,12,19,31
32,33,48,49,19,20,31
33,32,49,20
44,64,45,27,28,63
63,64,44,45,84
45,64,65,44,46,27,28,29,63
64,65,44,45,46,84,85,63
84,64,65,105,106,85,63
105,106,84,85,130
46,64,65,66,45,47,28,29,30
65,64,66,45,46,47,84,85,86
85,64,65,66,105,106,107,84,86
106,130,131,105,107,84,85,86
47,65,66,67,46,48,29,30,31
66,65,67,46,47,48,85,86,87
86,65,66,67,106,107,108,85,87
107,130,131,132,106,108,85,86,87
48,32,66,67,68,47,49,30,31
67,66,68,47,48,49,86,87,88
87,66,67,68,107,108,109,86,88
108,131,132,133,107,109,86,87,88
88,67,68,69,108,109,110,87,89
49,32,33,67,68,69,48,31
68,67,69,48,49,87,88,89
109,132,133,134,108,110,87,88,89
69,88,49,68,89
89,68,69,109,110,111,88
110,133,134,135,109,111,88,89
111,134,135,136,110,112,89
112,135,136,137,111,113
130,131,105,106,107,154,155
154,130,131,155,181
131,130,132,106,107,108,154,155,156
155,130,131,132,181,182,154,156
181,208,209,182,154,155,156
208,209,236,181,182
132,131,133,107,108,109,155,156,157
156,131,132,133,181,182,183,155,157
182,208,209,210,181,183,155,156,157
209,236,237,208,210,181,182,183
157,132,133,134,182,183,184,156,158
210,236,237,238,209,211,182,183,184
133,132,134,108,109,110,156,157,158
183,209,210,211,182,184,156,157,158
134,133,135,109,110,111,157,158,159
158,133,134,135,183,184,185,157,159
184,210,211,212,183,185,157,158,159
211,237,238,239,210,212,183,184,185
135,160,134,136,110,111,112,158,159
159,160,134,135,136,184,185,186,158
185,160,211,212,213,184,186,158,159
212,238,239,240,211,213,184,185,186
136,160,161,135,137,111,112,113,159
160,161,135,136,137,185,186,187,159
186,160,161,212,213,214,185,187,159
213,239,240,241,212,214,185,186,187
236,266,267,237,208,209,210
266,297,267,236,237
267,297,266,298,268,236,237,238
237,266,267,236,268,238,209,210,211
297,327,328,266,267,268,298
327,328,297,298,359
238,267,268,237,269,239,210,211,212
268,297,298,267,299,269,237,238,239
298,327,328,297,329,267,268,269,299
328,327,359,329,297,298,299,360
239,268,269,238,270,240,211,212,213
329,359,328,360,298,299,300,330,361
269,298,299,268,300,270,238,240,239
299,328,329,298,330,268,269,270,300
240,269,270,239,271,241,212,213,214
270,299,300,269,301,271,240,241,239
300,329,330,299,331,301,269,270,271
330,360,329,361,331,299,300,301,362
70,50,91,90,71
90,70,71,114,115,116,91
50,72,51,70,71
71,70,72,50,51,90,91,92
91,70,71,72,115,116,117,90,92
51,34,71,72,73,50,52
72,71,73,50,51,52,91,92,93
92,71,72,73,116,117,118,91,93
113,136,137,138,112,114
137,160,161,162,136,138,112,113,114
161,160,162,136,137,138,186,187,188
114,137,138,139,113,115,90
138,161,162,163,137,139,113,114,115
162,161,163,137,138,139,187,188,189
115,138,139,140,114,116,90,91
139,162,163,164,138,140,114,115,116
163,162,164,138,139,140,188,189,190
116,139,140,141,115,117,90,91,92
140,163,164,165,139,141,115,116,117
164,163,165,139,140,141,189,190,191
117,140,141,142,116,118,91,92,93
141,164,165,166,140,142,116,117,118
165,192,164,166,140,141,142,190,191
34,51,52
52,72,73,34,51
73,72,51,52,92,93,94
93,72,73,117,118,119,92,94
118,141,142,143,117,119,92,93,94
142,165,166,167,141,143,117,118,119
166,192,193,165,167,141,142,143,191
94,73,93,118,119
119,142,143,118,93,94
143,166,167,142,118,119
167,192,193,166,142,143
120,144,121,145,95
144,168,169,145,120,121
168,194,195,169,144,145
187,160,161,162,213,214,215,186,188
214,240,241,242,213,215,186,187,188
241,270,271,240,272,242,213,214,215
215,241,242,243,214,216,187,188,189
242,271,272,241,273,243,214,215,216
188,161,162,163,214,215,216,187,189
189,162,163,164,215,216,217,188,190
216,242,243,244,215,217,188,189,190
243,272,273,242,274,244,215,216,217
190,163,164,165,216,217,218,189,191
217,243,244,245,216,218,189,190,191
244,273,274,243,275,245,216,217,218
191,192,164,165,166,217,218,219,190
218,192,244,245,246,217,219,190,191
245,274,275,244,276,246,217,218,219
271,300,301,270,302,240,241,242,272
301,330,331,300,332,302,270,272,271
331,361,330,362,300,301,302,332,363
302,331,332,301,333,303,272,273,271
272,301,302,271,303,241,242,243,273
332,362,331,363,333,301,302,303,364
273,302,303,272,304,274,242,243,244
303,332,333,302,334,272,273,274,304
333,363,332,364,334,302,304,303,365
274,303,304,273,305,275,243,244,245
304,333,334,303,335,273,274,275,305
334,364,333,365,335,304,305,303,366
275,304,305,274,306,276,244,245,246
305,334,335,304,336,274,275,276,306
335,365,334,366,304,305,306,336,367
192,193,165,166,167,218,219,220,191
219,192,193,245,246,247,218,220,191
246,275,276,245,277,247,218,219,220
193,192,166,167,219,220
220,192,193,246,247,219
247,276,277,246,278,219,220
194,195,168,169,221,222
221,194,195,248,249,222
248,249,221,222,279
276,305,306,275,307,277,245,246,247
306,335,336,305,337,275,276,277,307
336,366,335,367,337,305,306,307,368
277,306,307,276,308,278,246,247
307,336,337,306,338,276,277,278,308
337,367,336,368,306,307,308,338,369
278,307,308,309,277,247
308,337,338,307,339,309,277,278
338,368,337,369,339,307,308,309,370
309,338,339,308,340,278
339,369,338,370,308,309,340,371
340,370,371,339,341,309,372
359,391,328,329,360,327
360,359,328,329,330,361,391,392
391,422,359,360,361,392
361,391,360,329,330,331,362,392,393
392,422,391,360,361,362,393,423
422,452,423,392,393,391
507,536,537,508
536,569,568,537,507,508
568,600,569,601,536,537
600,601,633,568,569,634
508,536,537,538,507,509
537,568,570,536,569,538,507,508,509
569,568,600,601,570,602,536,537,538
601,600,633,602,634,568,569,570,635
509,537,538,539,508,510
538,569,571,537,570,539,508,509,510
570,603,569,601,602,537,538,539,571
602,603,635,569,634,601,570,571,636
510,538,539,540,509,511
539,570,572,538,571,540,509,510,511
571,603,570,602,538,539,540,572,604
603,636,635,602,570,571,572,637,604
511,539,540,541,510
540,573,539,571,572,541,510,511
572,541,605,539,603,571,540,573,604
604,636,573,637,571,603,572,605,638
573,605,542,606,572,540,541,574,604
541,542,574,540,573,572,511
605,637,574,638,639,572,573,606,604
542,573,541,574
574,541,605,542,573,606,607
606,640,573,574,639,605,638,607
607,640,641,574,606,639
633,666,600,601,634,667
666,633,634,667,700,699
699,666,667,700,733,734
733,768,699,700,734
634,668,633,666,600,601,602,635,667
667,700,701,666,633,634,635,668,699
700,701,733,666,667,668,699,734,735
734,768,769,701,699,700,733,735
635,668,667,634,601,602,603,636,669
668,700,701,667,634,635,636,669,702
701,736,668,734,667,700,669,702,735
735,736,768,769,770,702,700,701,734
636,668,603,669,602,635,604,637,670
669,636,701,702,635,668,637,670,703
702,736,737,701,735,668,669,670,703
736,737,769,770,771,703,701,702,735
637,669,670,671,603,636,605,638,604
670,704,669,702,703,636,637,638,671
703,704,736,737,738,670,669,702,671
737,704,736,738,770,771,772,702,703
768,769,802,733,734,735
769,736,768,770,802,803,734,735
802,768,769,770,803,837
770,736,737,769,771,802,803,804,735
803,769,770,771,802,804,837,838
837,802,803,804,838
771,736,737,738,770,772,803,804,805
804,770,803,771,772,805,837,838,839
838,803,804,837,805,839,872
638,672,605,670,671,604,637,606,639
738,704,705,737,739,771,772,773,703
671,672,704,705,638,703,637,670,639
704,672,705,737,738,739,671,670,703
639,640,672,673,606,671,605,638,607
672,640,673,704,705,706,639,638,671
705,672,673,706,704,738,739,740,671
739,704,705,706,738,740,772,773,774
673,640,641,674,672,705,706,707,639
640,672,641,673,674,607,606,639
706,672,673,674,707,705,739,740,741
740,705,706,707,739,741,773,774,775
641,608,673,674,640,607
674,640,641,706,673,707,708
707,673,674,706,708,740,741,742
741,706,707,708,740,742,774,775,776
805,771,772,773,806,804,838,839,840
872,838,839,840,873,905
772,737,738,771,739,773,804,805,806
839,804,805,838,806,840,872,873
773,738,739,740,772,774,805,806,807
806,772,805,773,774,807,839,840,841
840,805,806,839,807,841,872,873,874
873,839,840,841,874,872,905,906
774,739,740,773,741,775,806,807,808
807,773,806,774,808,775,840,841,842
841,806,807,808,840,842,873,874,875
874,840,841,842,875,873,905,906,907
775,740,741,742,774,776,807,808,809
808,774,807,776,809,775,841,842,843
842,807,808,809,841,843,874,875,876
875,841,842,843,876,874,906,907,908
362,392,361,330,363,331,332,393,394
393,422,423,392,361,362,363,394,424
423,452,453,422,392,393,394,424
452,480,481,453,422,423,424
363,393,362,331,364,332,333,394,395
424,452,453,454,423,425,393,394,395
453,480,481,482,452,454,423,424,425
394,423,424,393,362,363,364,395,425
364,394,363,332,365,333,334,395,396
395,424,425,394,363,396,364,365,426
425,453,454,455,424,426,394,395,396
454,481,482,483,453,455,424,425,426
365,395,364,333,366,334,335,396,397
396,425,426,395,364,365,366,397,427
426,454,455,456,425,427,395,396,397
455,482,483,484,454,456,425,426,427
366,396,365,334,367,336,335,397,398
397,426,427,396,365,398,366,367,428
427,455,456,457,426,428,396,397,398
456,483,484,485,455,457,426,427,428
480,512,481,513,452,453
512,480,481,544,513,543
543,512,513,544,576,575
513,480,481,482,514,512,544,545,543
481,480,512,482,513,452,453,454,514
544,512,513,514,545,576,577,575,543
482,481,513,483,514,453,454,455,515
514,544,481,482,515,483,513,545,546
545,544,513,514,515,546,576,577,578
483,482,514,484,515,454,455,456,516
515,545,514,482,483,484,516,546,547
546,545,514,515,516,547,577,578,579
484,483,515,485,516,455,456,457,517
516,546,515,483,517,484,485,547,548
547,546,515,516,517,548,578,579,580
575,544,609,576,608,543
608,576,609,641,642,575
576,544,545,577,608,609,610,543,575
609,576,577,610,608,642,643,575
577,544,545,546,576,578,609,610,611
610,576,577,578,611,609,642,643,644
578,577,545,546,547,579,610,611,612
611,577,578,579,612,610,643,644,645
579,546,547,548,578,580,611,612,613
612,578,611,579,580,613,644,645,646
367,397,366,335,336,337,368,398,399
398,427,428,397,366,399,368,367,429
428,456,457,458,427,429,397,398,399
457,484,485,486,456,458,427,428,429
368,398,367,336,337,338,369,399,400
399,428,429,398,367,368,369,400,430
429,457,458,459,428,430,398,400,399
458,485,486,487,457,459,428,429,430
369,399,368,337,338,339,370,400,401
400,429,430,399,368,369,370,401,431
430,458,459,460,429,431,400,401,399
459,486,487,488,458,460,429,430,431
370,400,369,338,371,339,340,401,402
401,430,431,400,369,370,371,402,432
431,459,460,461,430,400,401,402,432
460,487,488,489,459,461,430,431,432
371,401,370,339,372,340,341,402,403
402,431,432,401,370,371,372,403,433
432,460,461,462,431,433,401,402,403
461,488,489,490,460,462,431,432,433
485,484,516,486,517,456,457,458,518
517,547,516,484,485,486,518,548,549
548,547,516,549,517,518,579,580,581
486,485,517,487,518,457,458,459,519
518,548,517,485,519,486,487,549,550
549,548,517,550,518,519,580,581,582
487,486,518,488,519,458,459,460,520
519,549,518,486,488,520,487,550,551
550,549,518,551,520,519,581,582,583
488,487,519,489,520,459,460,461,521
520,550,519,488,489,521,487,551,552
551,550,519,520,521,552,582,583,584
489,488,520,490,521,460,461,462,522
521,551,488,489,490,522,520,552,553
552,551,520,521,522,553,583,584,585
580,579,547,581,548,549,612,613,614
613,579,612,580,581,614,645,646,647
581,548,549,582,550,580,613,614,615
614,580,613,581,582,615,646,647,648
582,581,549,583,550,551,614,615,616
615,581,614,582,616,583,647,648,649
583,582,550,552,584,551,615,616,617
616,582,615,584,617,583,648,649,650
584,583,552,553,585,551,616,617,618
617,583,584,585,618,616,649,650,651
708,674,675,707,741,742
742,707,708,741,775,776,777
642,608,609,610,643,675,676
675,642,643,708,676,709
643,609,610,611,644,642,675,676,677
676,642,643,644,675,677,709,710
709,675,676,677,710,743,744
743,744,777,709,710
644,610,611,612,643,645,676,677,678
677,643,676,644,645,678,709,710,711
710,676,709,677,678,711,743,744,745
744,709,710,743,711,745,778
645,611,644,612,613,646,677,678,679
678,644,645,646,679,677,710,711,712
711,677,710,678,712,679,744,745,746
745,710,711,712,744,746,778,779
776,741,742,775,808,777,809,810
809,775,776,777,808,810,842,843,844
843,808,809,810,842,844,875,876,877
876,842,875,843,844,877,907,908,909
777,742,743,776,809,810,811
810,776,777,809,843,811,844,845
877,843,876,844,845,878,908,909,910
844,809,810,843,811,845,876,877,878
811,777,810,844,845,846
845,810,811,844,877,846,878,879
878,844,877,845,846,879,909,910,911
846,811,812,845,878,847,879,880
879,845,878,846,880,847,910,911,912
778,744,745,746,779,812,813
812,778,779,813,846,847,848
847,812,813,846,879,848,880,881
880,846,879,848,881,847,911,912,913
646,612,613,614,647,645,678,679,680
679,645,678,646,680,647,711,712,713
712,678,711,680,713,679,745,746,747
746,711,712,713,745,747,778,779,780
647,613,646,614,648,615,679,680,681
680,646,679,648,681,647,712,713,714
713,679,680,681,714,712,746,747,748
747,712,713,714,746,748,779,780,781
648,614,647,616,649,615,680,681,682
681,647,648,649,682,680,713,714,715
714,680,681,682,715,713,747,748,749
748,713,714,715,747,749,780,781,782
649,615,616,617,650,648,681,682,683
682,648,649,650,681,683,714,715,716
715,681,682,683,716,714,748,749,750
749,714,715,716,748,750,781,782,783
650,616,617,618,649,651,682,683,684
683,649,682,650,651,684,715,716,717
716,682,683,684,717,715,749,750,751
750,715,716,749,717,751,782,783,784
779,745,778,746,747,780,812,813,814
813,778,779,780,812,814,847,848,849
848,812,813,814,847,880,849,881,882
881,847,848,849,882,880,912,913,914
780,746,779,747,748,781,813,814,815
814,779,780,813,781,815,848,849,850
849,813,814,815,848,881,850,882,883
882,848,849,850,883,881,913,914,915
781,747,780,748,749,782,814,815,816
815,780,781,814,782,816,849,850,851
850,814,815,816,849,882,851,883,884
883,849,850,851,884,882,914,915,916
782,748,781,749,750,783,815,816,817
816,781,782,815,783,817,850,851,852
851,815,816,817,850,883,852,884,885
884,850,883,851,852,885,915,916,917
783,749,782,750,784,751,816,817,818
817,782,783,784,816,818,851,852,853
852,816,817,818,851,884,853,885,886
885,851,884,852,853,886,916,917,918
53,74,75,76
35,36,21,54,55
54,35,36,76,77,78,55
21,35,36,37,22
36,35,37,21,54,22,55,56
55,35,36,37,77,78,79,54,56
74,96,75,53,95
95,96,74,75,120,121,122
121,96,144,145,146,120,122,95
145,168,169,170,144,146,120,121,122
75,96,97,74,76,53,95
96,97,74,75,76,121,122,123,95
122,96,97,145,146,147,121,123,95
146,169,170,171,145,147,121,122,123
76,96,97,98,75,77,53,54
97,96,98,75,76,77,122,123,124
123,96,97,98,146,147,148,122,124
147,170,171,172,146,148,122,123,124
77,97,98,99,76,78,54,55
98,97,99,76,77,78,123,124,125
124,97,98,99,147,148,149,123,125
148,171,172,173,147,149,123,124,125
78,98,99,100,77,79,54,55,56
99,98,100,77,78,79,124,125,126
125,98,99,100,148,149,150,124,126
149,172,173,174,148,150,124,125,126
22,37,36,21,38
37,36,38,21,22,55,56,57
56,36,37,38,78,79,80,55,57
38,37,39,22,23,56,57,58
57,37,38,39,79,80,81,56,58
23,38,39,40,13,24
39,38,40,23,24,57,58,59
58,38,39,40,80,81,82,57,59
13,24,25,14,23
24,39,40,41,13,14,23,25
40,39,41,23,24,25,58,59,60
59,39,40,41,81,82,83,58,60
14,24,25,26,13
25,40,41,42,13,14,24,26
41,40,42,24,25,26,59,60,61
60,40,41,42,82,83,59,61
79,99,100,101,78,80,55,56,57
100,99,101,78,79,80,125,126,127
126,99,100,101,149,150,151,125,127
150,173,174,175,149,151,125,126,127
80,100,101,102,79,81,56,57,58
101,128,100,102,79,80,81,126,127
127,128,100,101,102,150,151,152,126
151,128,174,175,176,150,152,126,127
81,101,102,103,80,82,57,58,59
102,128,129,101,103,80,81,82,127
128,129,101,102,103,151,152,153,127
152,128,129,175,176,177,151,153,127
82,102,103,104,81,83,58,59,60
103,128,129,102,104,81,82,83
129,128,102,103,104,152,153
153,128,129,176,177,152
83,103,104,82,59,60,61
104,129,82,83,103
169,194,195,196,168,170,144,145,146
195,194,196,168,169,170,221,222,223
222,194,195,196,248,249,250,221,223
249,280,279,248,250,221,222,223
170,195,196,197,169,171,145,146,147
196,224,195,197,169,170,171,222,223
223,224,195,196,197,249,250,251,222
250,224,281,279,280,249,251,222,223
171,196,197,198,170,172,146,147,148
197,224,225,196,198,170,171,172,223
224,225,196,197,198,250,251,252,223
251,224,225,282,280,281,250,252,223
172,197,198,199,171,173,147,148,149
198,224,225,226,197,199,171,172,173
225,224,226,197,198,199,251,252,253
252,224,225,226,283,281,282,251,253
173,198,199,200,172,174,148,149,150
199,225,226,227,198,200,172,173,174
226,225,227,198,199,200,252,253,254
253,225,226,227,284,282,283,252,254
279,280,310,248,249,250
341,371,372,340,342,310,373
372,402,371,340,373,341,342,403,404
280,281,310,279,249,250,251,311
310,341,342,311,280,281,279,343
342,372,341,310,343,373,374,311
373,403,372,341,374,342,404,405,343
281,312,250,310,311,280,282,251,252
311,312,344,310,342,280,281,282,343
343,344,373,342,310,312,374,311,375
374,404,373,342,375,344,405,406,343
282,313,251,311,312,281,283,252,253
312,313,345,311,344,281,282,283,343
344,376,345,374,343,312,313,311,375
375,407,376,405,374,343,344,345,406
283,314,252,312,313,282,284,253,254
313,344,314,346,312,345,282,283,284
345,344,376,377,346,375,312,313,314
376,407,408,377,406,375,344,345,346
174,199,200,201,173,175,149,150,151
200,226,227,228,199,201,173,174,175
227,226,228,199,200,201,253,254,255
254,226,227,228,285,283,284,253,255
175,200,201,202,174,176,150,151,152
201,227,228,229,200,202,174,175,176
228,256,227,229,200,201,202,254,255
255,256,227,228,229,284,285,254,286
176,201,202,203,175,177,151,152,153
202,228,229,230,201,203,175,176,177
229,256,257,228,230,201,202,203,255
256,257,228,229,230,287,285,286,255
177,202,203,176,152,153
203,229,230,231,202,176,177
230,256,257,258,229,231,202,203
257,256,288,258,229,230,231,286,287
231,257,258,203,230
258,288,257,289,230,231,287
284,313,315,253,314,283,285,254,255
314,345,315,347,313,346,283,284,285
346,313,377,378,347,376,345,314,315
377,408,409,378,407,376,345,346,347
285,256,316,254,314,315,284,286,255
315,346,316,348,314,347,284,285,286
347,346,378,379,348,377,314,315,316
378,409,410,347,408,377,346,379,348
286,256,257,255,317,315,316,285,287
316,349,347,285,315,348,317,286,287
348,317,315,379,380,378,347,316,349
379,410,411,348,409,378,347,380,349
287,256,257,258,288,318,316,317,286
317,288,350,287,348,316,349,318,286
349,318,381,348,380,379,316,317,350
380,349,411,412,410,379,348,381,350
288,257,258,289,319,317,318,287
318,288,289,287,351,349,317,350,319
350,382,319,381,317,380,349,318,351
381,350,413,412,411,380,349,382,351
26,41,42,43,14,25
42,41,43,25,26,60,61,62
61,41,42,43,83,60,62
43,26,42,61,62
62,42,43,61
178,179,204,205
179,204,205,206,178,180
180,179,205,206,207
204,232,233,205,178,179
232,259,260,233,204,205
259,289,290,291,260,232,233
205,232,233,234,204,206,178,179,180
233,259,260,261,232,234,204,205,206
260,290,259,291,261,292,232,233,234
206,233,234,235,205,207,179,180
234,260,261,262,233,235,205,206,207
261,291,260,292,262,293,233,234,235
207,234,235,180,206
235,261,262,263,234,206,207
262,292,261,293,263,294,234,235
289,288,320,258,259,290,318,319
319,288,289,290,320,350,352,318,351
351,320,352,318,382,383,381,350,319
382,352,414,351,413,412,381,350,383
290,320,289,321,259,260,291,319
320,352,321,289,290,291,353,351,319
352,320,321,353,384,319,383,382,351
383,352,353,384,414,415,413,382,351
291,320,321,290,259,260,261,292,322
321,320,352,290,291,292,322,353,354
353,320,321,322,352,354,384,385,383
384,352,353,354,385,416,415,414,383
292,321,322,291,260,293,261,262,323
322,321,353,323,291,292,293,354,355
354,384,321,322,355,323,353,385,386
385,384,353,354,355,386,416,417,415
293,322,323,292,261,294,262,263,324
323,322,354,292,293,294,324,355,356
355,385,322,323,356,324,354,386,387
386,416,385,354,355,356,387,417,418
263,293,294,262,264,295,235
294,323,324,293,262,295,264,263,325
324,323,355,325,293,294,295,356,357
356,386,355,323,357,324,325,387,388
387,417,386,355,388,356,357,418,419
264,294,295,296,265,263
295,324,325,294,263,264,265,296,326
325,324,356,326,294,296,295,357,358
357,387,356,324,358,325,326,388,389
388,418,387,356,357,358,389,419,420
265,264,296,295
296,325,326,295,264,265
326,357,325,358,296,295
358,388,357,325,326,389,390
389,419,388,357,390,358,420,421
390,420,389,358,421
403,432,433,402,371,404,372,373,434
433,461,462,463,432,434,402,403,404
462,489,490,491,461,463,432,433,434
490,489,521,491,522,461,462,463,523
404,433,434,403,372,373,374,405,435
434,462,463,464,433,435,403,404,405
463,490,491,492,462,464,433,434,435
491,490,522,492,523,462,463,464,524
405,434,435,404,373,406,374,436,375
435,463,464,465,434,436,404,405,406
464,491,492,493,463,465,434,435,436
492,491,523,493,524,463,464,465,525
406,435,436,405,374,407,376,437,375
436,407,464,465,466,435,437,405,406
465,492,493,494,464,466,435,436,437
493,492,524,494,525,464,465,466,526
407,408,436,437,406,375,376,377,438
437,407,465,466,467,436,438,406,408
466,493,494,495,465,467,436,437,438
494,493,525,495,526,465,466,467,527
522,552,489,490,523,491,521,553,554
553,552,521,522,523,554,584,585,586
585,552,553,554,584,586,617,618,619
618,584,585,586,619,617,650,651,652
523,553,522,490,491,492,524,554,555
554,553,522,523,524,555,585,586,587
586,585,553,554,555,587,618,619,620
619,585,586,587,620,618,651,652,653
524,554,523,491,525,492,493,555,556
555,554,523,524,525,556,586,587,588
587,554,555,556,586,588,619,620,621
620,586,619,587,588,621,652,653,654
525,555,524,492,493,494,526,556,557
556,555,524,557,525,526,587,588,589
588,587,555,589,556,557,620,621,622
621,587,620,588,589,622,653,654,655
526,556,525,493,527,494,495,557,558
557,556,525,558,526,527,588,589,590
589,556,557,590,558,588,621,622,623
622,588,621,589,590,623,654,655,656
408,439,409,437,438,407,376,377,378
438,407,466,467,468,437,439,408,409
467,494,495,496,466,468,437,438,439
495,494,526,496,527,466,467,468,528
409,440,410,438,439,408,377,378,379
439,440,467,468,469,438,408,409,410
468,495,496,497,467,469,438,439,440
496,495,527,497,528,467,468,469,529
410,441,411,439,440,409,378,379,380
440,409,468,469,470,439,441,410,411
469,496,497,498,468,470,439,440,441
497,496,528,498,529,468,469,470,530
411,440,442,380,441,410,379,412,381
441,410,469,470,471,440,442,411,412
470,497,498,499,469,471,440,441,442
498,497,529,499,530,469,470,471,531
412,443,413,441,442,411,380,381,382
442,411,470,471,472,441,443,412,413
471,498,499,500,470,472,441,442,443
499,498,530,500,531,470,471,472,532
527,557,526,494,496,528,495,558,559
558,557,526,559,528,527,589,590,591
590,589,557,591,558,559,622,623,624
623,589,622,590,624,591,655,656,657
528,558,527,496,497,529,495,559,560
559,558,527,528,529,560,590,591,592
591,590,558,560,592,559,623,624,625
624,590,623,592,625,591,656,657,658
529,559,496,497,498,530,528,560,561
560,559,528,529,530,561,591,592,593
592,591,560,561,593,559,624,625,626
625,591,592,593,626,624,657,658,659
530,560,497,498,531,499,529,561,562
561,560,529,530,531,562,592,593,594
593,560,561,562,592,594,625,626,627
626,592,593,594,627,625,658,659,660
531,561,530,498,499,500,532,562,563
562,561,530,531,532,563,593,594,595
594,593,561,562,563,595,626,627,628
627,593,594,595,628,626,659,660,661
651,617,618,619,652,650,683,684,685
684,650,651,652,683,685,716,717,718
717,683,716,684,685,718,750,751,752
751,716,717,718,750,752,783,784,785
652,618,619,620,651,653,684,685,686
685,651,684,652,653,686,717,718,719
718,684,717,685,686,719,751,752,753
752,717,718,751,719,753,784,785,786
653,619,652,620,621,654,685,686,687
686,652,653,654,687,685,718,719,720
719,685,718,686,720,687,752,753,754
753,718,719,720,752,754,785,786,787
654,620,621,622,655,653,686,687,688
687,653,686,654,688,655,719,720,721
720,686,719,688,721,687,753,754,755
754,719,720,721,753,755,786,787,788
655,621,654,622,656,623,687,688,689
688,654,687,656,689,655,720,721,722
721,687,688,689,722,720,754,755,756
755,720,721,722,754,756,787,788,789
784,750,783,752,785,751,817,818,819
818,783,784,785,817,819,852,853,854
853,887,817,818,819,852,885,854,886
886,887,919,852,885,853,854,917,918
785,751,752,753,786,784,818,819,820
819,784,785,786,818,820,853,854,855
854,887,818,819,820,853,886,855,888
887,855,919,853,886,854,888,918,920
786,752,753,754,787,785,819,820,821
820,785,786,787,819,821,854,855,856
855,819,820,821,854,887,856,888,889
888,855,919,920,854,887,856,889,921
787,753,786,754,755,788,820,821,822
821,786,787,788,820,822,855,856,857
856,820,821,822,855,888,857,890,889
889,921,888,920,855,856,857,890,922
788,823,754,787,755,756,789,821,822
822,787,788,821,789,823,856,857,858
857,821,822,823,856,889,858,891,890
890,921,923,856,857,858,891,889,922
656,622,655,624,657,623,688,689,690
689,655,656,657,690,688,721,722,723
722,688,689,690,723,721,755,756,757
756,721,722,723,755,757,788,789,790
657,623,624,625,658,656,689,690,691
690,656,657,658,689,691,722,723,724
723,689,690,691,724,722,756,757,758
757,791,722,723,724,756,758,789,790
658,624,625,626,657,659,690,691,692
691,657,690,658,659,692,723,724,725
724,759,690,691,692,725,723,757,758
758,791,792,723,724,757,725,759,790
659,625,626,627,660,658,691,692,693
692,658,659,660,691,693,724,725,726
725,759,760,691,724,692,693,726,758
759,791,792,724,725,726,758,760,793
660,626,627,628,659,661,692,693,694
693,727,659,692,660,661,694,725,726
726,727,759,692,725,693,694,760,761
760,727,725,726,759,792,761,793,794
789,823,824,755,788,756,757,790,822
823,788,789,822,790,824,857,858,859
858,891,822,823,824,857,890,859,892
891,923,924,857,858,859,892,890,922
790,791,823,756,789,757,758,824,825
824,791,789,790,823,825,858,859,860
859,892,823,824,825,858,891,860,893
892,859,923,924,925,858,891,860,893
791,759,824,757,790,758,792,825,826
825,824,790,791,792,826,859,860,861
860,893,824,825,826,859,892,861,894
893,860,924,925,926,859,892,861,894
792,759,825,758,791,760,793,826,827
826,791,825,792,793,827,860,861,862
861,894,825,826,827,860,893,862,895
894,861,925,926,927,860,893,862,895
793,828,792,759,760,761,794,827,826
827,828,792,793,794,826,861,862,863
862,896,895,826,827,828,861,894,863
895,896,928,862,926,927,861,894,863
413,382,444,442,443,412,381,414,383
443,473,471,472,412,442,444,413,414
472,499,500,501,471,473,442,443,444
500,499,531,501,532,471,472,473,533
414,384,383,445,443,444,413,382,415
444,414,472,473,474,443,445,413,415
473,500,501,502,472,474,443,444,445
501,500,532,502,533,472,473,474,534
415,384,385,416,446,444,445,414,383
445,416,414,473,474,475,444,446,415
474,501,502,503,473,475,444,445,446
502,535,501,533,503,534,473,474,475
416,384,385,386,417,447,445,446,415
446,416,417,415,474,475,476,445,447
475,502,503,504,474,476,445,446,447
503,535,502,534,504,474,475,476
417,416,385,386,387,418,448,446,447
447,416,417,418,448,475,476,477,446
476,448,503,504,505,475,477,446,447
504,535,503,505,475,476,477
532,562,531,499,533,500,501,563,564
563,562,531,532,533,564,594,595,596
595,562,563,564,594,596,627,628,629
628,594,627,595,596,629,660,661,662
533,563,532,500,501,502,534,564,565
564,563,532,565,533,534,595,596,597
596,595,563,597,564,565,628,629,630
629,663,595,628,596,597,630,661,662
534,503,564,533,501,535,502,565,566
565,535,564,533,566,534,596,597,598
597,631,564,565,598,566,596,629,630
630,631,663,664,596,629,597,598,662
535,503,567,565,534,502,504,566
566,535,599,597,565,567,534,598
598,567,631,632,597,565,599,566,630
631,599,663,664,597,630,598,632,665
567,598,599,566,535
599,567,598,631,632,566
632,599,598,631,664,665
418,448,417,386,387,388,419,449,447
448,417,418,419,449,476,477,478,447
477,448,449,504,505,506,476,478,447
505,504,506,476,477,478
419,448,449,418,387,420,388,389,450
449,448,450,418,419,420,477,478,479
478,448,449,450,505,506,477,479
506,505,477,478,479
420,449,450,419,388,389,390,421,451
450,449,419,420,421,451,478,479
479,449,450,451,506,478
421,450,451,420,389,390
451,450,420,421,479
661,695,627,660,628,629,662,693,694
694,727,728,660,661,662,695,693,726
727,695,760,693,726,694,728,761,762
761,795,760,726,727,728,793,762,794
662,695,696,628,629,630,663,661,694
695,663,727,728,661,694,662,696,729
728,695,761,694,727,696,729,762,763
762,795,761,727,728,729,794,763,796
663,631,695,696,629,662,630,664,697
696,663,728,729,662,695,664,697,730
729,762,728,695,696,697,730,763,764
763,762,796,728,729,730,795,764,797
664,631,696,697,630,663,632,665,698
697,696,729,663,664,665,698,731,730
730,729,696,697,698,731,764,765,763
764,797,729,730,731,796,765,798,763
665,664,631,632,697,698
698,697,664,665,730,731,732
731,764,766,697,698,732,765,730
765,764,798,730,731,732,797,766,799
794,827,793,760,761,762,795,828,829
828,864,827,793,794,795,829,862,863
863,864,896,897,827,828,829,862,895
896,864,897,928,929,863,927,862,895
795,762,828,761,794,763,796,829,830
829,864,865,828,794,795,796,830,863
864,896,865,897,898,828,829,830,863
897,864,865,898,896,928,929,930,863
796,829,831,762,795,764,797,830,763
830,864,865,866,797,795,796,829,831
865,864,897,866,898,899,829,830,831
898,864,865,866,897,899,929,930,931
797,832,764,830,763,796,765,798,831
831,832,865,866,867,798,796,797,830
866,832,865,898,867,899,900,830,831
899,865,866,867,900,898,930,931,932
798,832,833,765,831,764,797,766,799
832,833,866,867,868,799,797,798,831
867,832,833,866,899,868,900,901,831
900,866,867,868,899,901,931,932,933
732,698,731,765,766,767
766,800,799,731,732,765,798,767
799,800,832,833,834,766,765,798,767
767,800,801,732,766,799
800,833,801,834,835,767,766,799
801,800,834,835,836,767
833,800,832,834,867,868,869,798,799
868,832,833,834,867,900,869,901,902
901,867,900,868,869,902,932,933,934
869,833,834,835,868,901,870,902,903
834,800,801,833,835,868,869,870,799
902,868,869,870,903,901,933,934
835,800,801,834,836,869,870,871
870,834,835,836,869,902,871,903,904
903,869,902,870,904,871,934
836,801,835,870,871
871,835,836,870,903,904
904,903,870,871
1141,1182,1100,1181,1142
1100,1059,1060,1101,1141,1142,1143
1142,1100,1101,1141,1143,1181,1182,1183
1059,1025,1060,1101,1100
1025,1026,1059,1060,1061
1060,1025,1026,1059,1061,1100,1101,1102
1101,1059,1060,1061,1100,1102,1142,1143,1144
1143,1184,1100,1101,1102,1142,1144,1182,1183
1026,1025,1060,1061,1062
1061,1025,1026,1060,1062,1101,1102,1103
1102,1060,1061,1062,1101,1103,1143,1144,1145
1144,1184,1185,1101,1102,1103,1143,1145,1183
1062,1026,1061,1063,1102,1103,1104
1103,1061,1062,1063,1102,1104,1144,1145,1146
1145,1184,1185,1186,1102,1103,1104,1144,1146
1104,1062,1063,1064,1103,1105,1145,1146,1147
1063,1062,1064,1103,1104,1105
1146,1185,1186,1187,1103,1104,1105,1145,1147
905,935,872,873,874,906
906,935,936,905,873,874,875,907
994,1027,1028,995,964,965
935,964,965,936,905,906,907
964,994,995,965,935,936
907,935,936,937,874,875,908,876,906
936,964,965,966,935,937,906,907,908
965,994,995,964,996,966,935,936,937
995,994,1027,996,964,965,966,1028,1029
908,936,937,938,907,875,876,877,909
937,965,966,967,936,938,907,908,909
966,995,996,965,997,967,936,937,938
996,995,1028,997,965,966,967,1029,1030
938,966,967,968,937,939,908,909,910
909,937,938,939,908,876,910,877,878
967,996,997,966,998,968,937,938,939
997,996,1029,998,966,968,967,1030,1031
1064,1027,1063,1065,1104,1105,1106
1105,1063,1064,1065,1104,1106,1146,1147,1148
1147,1186,1187,1188,1104,1105,1106,1146,1148
1148,1187,1188,1189,1105,1106,1107,1147,1149
1027,994,995,1028,1064,1065,1066
1065,1027,1028,1064,1066,1105,1106,1107
1106,1064,1065,1066,1105,1107,1147,1148,1149
1028,994,1027,995,996,1029,1065,1066,1067
1066,1027,1028,1029,1065,1067,1106,1107,1108
1107,1065,1066,1067,1106,1108,1148,1149,1150
1149,1188,1189,1190,1106,1107,1108,1148,1150
1029,995,1028,996,997,1030,1066,1067,1068
1067,1028,1029,1030,1066,1068,1107,1108,1109
1108,1066,1067,1068,1107,1109,1149,1150,1151
1150,1189,1190,1191,1107,1108,1109,1149,1151
1030,996,1029,997,998,1031,1067,1068,1069
1109,1152,1067,1068,1069,1108,1110,1150,1151
1151,1152,1190,1191,1192,1108,1109,1110,1150
1068,1029,1030,1031,1067,1069,1108,1109,1110
1181,1222,1182,1141,1142
1182,1222,1223,1141,1142,1143,1181,1183
1222,1223,1181,1182,1183
1183,1184,1222,1223,1142,1143,1144,1182
1223,1184,1222,1182,1183
1184,1185,1223,1143,1144,1145,1183
1185,1184,1186,1224,1144,1145,1146
1224,1185,1186,1187,1225,1259,1260
1186,1185,1187,1224,1225,1145,1146,1147
1259,1224,1225,1260,1293
1187,1186,1188,1224,1225,1226,1146,1147,1148
1225,1186,1187,1188,1224,1226,1259,1260,1261
1260,1224,1225,1226,1259,1261,1293,1294
1293,1315,1259,1260,1261,1294
1261,1225,1226,1227,1260,1293,1262,1294,1295
1188,1187,1189,1225,1226,1227,1147,1148,1149
1226,1187,1188,1189,1225,1227,1260,1261,1262
1294,1315,1316,1260,1293,1261,1262,1295
1315,1316,1293,1294,1295,1334
1189,1188,1190,1226,1227,1228,1148,1149,1150
1227,1188,1189,1190,1226,1228,1261,1262,1263
1262,1226,1227,1228,1261,1294,1263,1295,1296
1295,1315,1316,1317,1261,1294,1262,1296,1263
1316,1315,1317,1294,1295,1296,1334,1335
1190,1189,1191,1227,1228,1229,1149,1150,1151
1228,1189,1190,1191,1227,1229,1262,1263,1264
1263,1227,1228,1229,1262,1295,1264,1296,1297
1296,1316,1317,1318,1262,1295,1264,1297,1263
1317,1316,1318,1295,1296,1297,1334,1335,1336
1191,1152,1190,1192,1228,1229,1230,1150,1151
1229,1190,1191,1192,1228,1230,1263,1264,1265
1264,1228,1229,1230,1263,1296,1265,1297,1298
1297,1317,1318,1319,1263,1264,1265,1298,1296
1318,1317,1319,1296,1297,1298,1335,1336,1337
1384,1385,1405,1404,1365
1334,1315,1316,1317,1350,1351,1335
1350,1351,1365,1366,1334,1335
1365,1350,1351,1384,1385,1386,1366
1385,1384,1386,1365,1366,1404,1405,1406
1335,1316,1317,1318,1350,1351,1352,1334,1336
1351,1350,1352,1365,1334,1335,1336,1366,1367
1366,1350,1351,1352,1385,1386,1387,1365,1367
1386,1385,1387,1365,1366,1367,1405,1406,1407
1367,1351,1352,1353,1386,1387,1388,1366,1368
1336,1317,1318,1319,1351,1352,1353,1335,1337
1352,1368,1351,1353,1366,1335,1336,1337,1367
1387,1408,1386,1388,1366,1367,1368,1406,1407
910,938,939,940,909,877,911,878,879
939,967,968,969,938,940,909,910,911
968,997,998,967,999,969,938,939,940
998,997,1030,999,968,969,967,1031,1032
911,939,940,941,910,878,880,912,879
940,968,969,970,939,941,910,911,912
969,998,999,968,1000,970,939,940,941
999,998,1031,968,969,970,1000,1032,1033
912,940,941,942,911,880,881,913,879
941,969,970,971,940,942,911,912,913
970,999,1000,969,1001,971,940,941,942
1000,999,1032,969,970,971,1001,1033,1034
913,941,942,943,880,881,882,912,914
942,970,971,972,941,943,912,913,914
971,1000,1001,970,1002,972,941,942,943
1001,1000,1033,1002,970,971,972,1034,1035
914,942,943,944,913,881,882,883,915
943,971,972,973,942,944,913,914,915
972,1001,1002,971,1003,973,942,943,944
1002,1001,1034,971,972,973,1003,1035
915,943,944,945,882,883,916,884,914
944,972,973,974,943,945,914,915,916
973,1002,1003,972,1004,974,943,944,945
1003,1002,1035,1004,972,973,974
1031,997,1030,998,1032,999,1068,1069,1070
1069,1030,1031,1032,1068,1070,1109,1110,1111
1110,1152,1153,1068,1069,1070,1109,1111,1151
1152,1153,1191,1192,1193,1109,1110,1111,1151
1032,998,1031,1000,1033,999,1069,1070,1071
1070,1031,1032,1033,1069,1071,1110,1111,1112
1111,1152,1153,1154,1069,1070,1071,1110,1112
1153,1152,1154,1192,1193,1194,1110,1111,1112
1033,999,1000,1001,1034,1032,1070,1071,1072
1071,1032,1033,1034,1070,1072,1111,1112,1113
1112,1153,1154,1155,1070,1071,1072,1111,1113
1154,1153,1155,1193,1194,1195,1111,1112,1113
1034,1000,1001,1002,1035,1033,1071,1072,1073
1072,1033,1034,1035,1071,1073,1112,1113,1114
1113,1154,1155,1156,1071,1072,1073,1112,1114
1155,1154,1156,1194,1195,1196,1112,1113,1114
1035,1001,1002,1003,1034,1072,1073
1073,1034,1035,1072,1113,1114
1114,1155,1156,1072,1073,1113
1156,1155,1195,1196,1113,1114
916,944,945,946,915,883,884,885,917
945,973,974,975,944,946,915,916,917
974,1003,1004,973,1005,975,944,945,946
1004,1003,1036,1005,973,974,975
917,945,946,947,916,884,918,885,886
946,974,975,976,945,947,916,917,918
975,1004,1005,974,1006,976,945,946,947
1005,1004,1036,1006,974,976,975,1037
918,887,946,947,948,917,885,919,886
947,975,976,977,946,948,917,918,919
976,1005,1006,975,1007,977,946,947,948
1006,1036,1005,1037,1007,976,977,975,1038
919,887,947,948,920,918,886,888,949
948,976,977,978,947,949,918,919,920
977,1006,1007,976,1008,978,947,948,949
1007,1037,1006,1038,976,977,978,1008,1039
920,887,948,949,950,919,888,889,921
949,977,978,979,948,950,919,920,921
978,1007,1008,977,1009,979,948,949,950
1008,1038,1007,1039,977,978,979,1009,1040
921,951,920,949,950,888,889,890,922
950,978,979,980,949,951,920,921,922
979,1008,1009,978,1010,980,949,950,951
1009,1039,1008,1040,1010,978,979,980,1041
1036,1004,1037,1005,1006,1074
1037,1036,1005,1038,1006,1007,1074,1075
1074,1036,1037,1038,1075,1115,1116
1115,1074,1075,1116,1157
1038,1037,1006,1039,1008,1007,1074,1075,1076
1075,1037,1038,1039,1074,1076,1115,1116,1117
1116,1157,1158,1074,1075,1076,1115,1117
1157,1158,1197,1115,1116,1117
1039,1038,1007,1008,1009,1040,1075,1076,1077
1076,1038,1039,1040,1075,1077,1116,1117,1118
1117,1157,1158,1159,1075,1076,1077,1116,1118
1158,1157,1159,1197,1198,1116,1117,1118
1040,1039,1008,1009,1010,1041,1076,1077,1078
1077,1039,1040,1041,1076,1078,1117,1118,1119
1118,1158,1159,1160,1076,1077,1078,1117,1119
1159,1158,1160,1197,1198,1199,1117,1118,1119
1192,1152,1153,1191,1193,1229,1230,1231,1151
1230,1191,1192,1193,1229,1231,1264,1265,1266
1265,1229,1230,1231,1264,1297,1266,1298,1299
1298,1318,1319,1320,1264,1265,1266,1299,1297
1319,1318,1320,1297,1298,1299,1336,1337,1338
1193,1152,1153,1154,1192,1194,1230,1231,1232
1231,1192,1193,1194,1230,1232,1265,1266,1267
1266,1230,1231,1232,1265,1298,1267,1299,1300
1299,1319,1320,1321,1265,1266,1267,1300,1298
1320,1319,1321,1298,1299,1300,1337,1338,1339
1194,1153,1154,1155,1193,1195,1231,1232,1233
1232,1193,1194,1195,1231,1233,1266,1267,1268
1267,1231,1232,1233,1266,1299,1268,1300,1301
1300,1320,1321,1322,1266,1299,1267,1268,1301
1321,1320,1322,1299,1300,1301,1338,1339,1340
1195,1154,1155,1156,1194,1196,1232,1233,1234
1233,1194,1195,1196,1232,1234,1267,1268,1269
1268,1232,1233,1234,1267,1300,1269,1301
1301,1321,1322,1323,1267,1300,1268,1269
1322,1321,1323,1300,1301,1339,1340,1341
1196,1155,1156,1195,1233,1234
1234,1195,1196,1233,1268,1269
1269,1233,1234,1268,1301
1323,1322,1341,1340,1301
1337,1318,1319,1320,1352,1353,1354,1336,1338
1353,1368,1352,1369,1354,1367,1336,1337,1338
1368,1352,1353,1354,1387,1388,1389,1367,1369
1388,1408,1409,1387,1389,1367,1368,1369,1407
1338,1319,1320,1321,1353,1354,1355,1337,1339
1354,1369,1353,1355,1370,1368,1337,1338,1339
1369,1353,1354,1355,1388,1389,1390,1368,1370
1389,1408,1409,1410,1388,1390,1368,1369,1370
1339,1320,1321,1322,1354,1355,1356,1338,1340
1355,1354,1356,1370,1371,1369,1338,1339,1340
1370,1354,1355,1356,1389,1390,1391,1369,1371
1390,1409,1410,1411,1389,1391,1369,1370,1371
1340,1321,1322,1323,1355,1356,1357,1339,1341
1356,1355,1357,1371,1372,1370,1339,1340,1341
1371,1355,1356,1357,1390,1391,1392,1370,1372
1391,1410,1411,1412,1390,1392,1370,1371,1372
1341,1322,1323,1356,1357,1358,1340
1357,1356,1358,1373,1372,1371,1340,1341
1372,1356,1357,1358,1391,1392,1393,1371,1373
1392,1411,1412,1413,1391,1393,1371,1372,1373
1358,1357,1372,1373,1341,1374
1373,1357,1358,1392,1393,1394,1372,1374
1393,1412,1413,1414,1392,1394,1372,1373,1374
1374,1358,1393,1394,1395,1373,1375
1394,1413,1414,1415,1393,1395,1373,1374,1375
1375,1394,1395,1396,1374
1395,1414,1415,1416,1394,1396,1374,1375
1396,1376,1415,1416,1417,1395,1397,1375
1376,1377,1396,1397,1398
1397,1376,1377,1416,1417,1396,1398
1197,1198,1157,1158,1159
1377,1376,1378,1397,1398,1399
1398,1376,1377,1378,1417,1397,1399
1198,1158,1159,1160,1197,1199,1235
1378,1377,1398,1399
1399,1377,1378,1398
1404,1384,1385,1422,1423,1405
1422,1441,1404,1405,1423
1405,1384,1385,1386,1422,1423,1424,1404,1406
1423,1441,1442,1422,1424,1404,1405,1406
1441,1424,1442,1422,1423
1406,1385,1386,1387,1423,1424,1425,1405,1407
1424,1441,1442,1443,1423,1425,1405,1406,1407
1442,1441,1443,1423,1424,1425
1425,1408,1442,1443,1444,1424,1426,1406,1407
1407,1408,1386,1387,1388,1424,1425,1426,1406
1443,1442,1444,1424,1425,1426
1408,1409,1387,1388,1389,1425,1426,1427,1407
1426,1408,1409,1443,1444,1445,1425,1427,1407
1444,1443,1445,1425,1426,1427,1460
1409,1408,1410,1388,1389,1390,1426,1427,1428
1427,1408,1409,1410,1444,1445,1446,1426,1428
1445,1444,1446,1426,1427,1428,1460,1461
1460,1474,1475,1444,1445,1446,1461
1410,1409,1411,1389,1390,1391,1427,1428,1429
1428,1409,1410,1411,1445,1446,1447,1427,1429
1446,1445,1447,1427,1428,1429,1460,1461,1462
1461,1474,1475,1476,1445,1446,1447,1460,1462
1411,1410,1412,1390,1391,1392,1428,1429,1430
1429,1410,1411,1412,1446,1447,1448,1428,1430
1447,1463,1446,1448,1428,1429,1430,1461,1462
1462,1475,1476,1477,1446,1447,1448,1461,1463
1474,1475,1484,1485,1460,1461
1484,1493,1474,1475,1485
1475,1474,1476,1484,1485,1486,1460,1461,1462
1485,1474,1475,1476,1484,1486,1493,1494
1493,1484,1485,1486,1494,1500
1476,1475,1477,1485,1486,1487,1461,1462,1463
1486,1475,1476,1477,1485,1487,1493,1494,1495
1494,1485,1486,1487,1493,1495,1500,1501
1500,1509,1510,1493,1494,1495,1501
1412,1411,1413,1391,1392,1393,1429,1430,1431
1430,1411,1412,1413,1447,1448,1449,1429,1431
1448,1463,1464,1447,1449,1429,1430,1431,1462
1463,1476,1477,1478,1447,1448,1449,1462,1464
1413,1412,1414,1392,1393,1394,1430,1431,1432
1431,1412,1413,1414,1448,1449,1450,1430,1432
1449,1463,1464,1448,1450,1430,1431,1432,1465
1464,1477,1478,1479,1448,1449,1450,1463,1465
1414,1413,1415,1393,1394,1395,1431,1432,1433
1432,1413,1414,1415,1449,1450,1451,1431,1433
1450,1464,1449,1451,1465,1431,1432,1433,1466
1465,1478,1479,1480,1449,1450,1451,1464,1466
1415,1414,1416,1394,1395,1396,1432,1433,1434
1433,1414,1415,1416,1450,1451,1452,1432,1434
1451,1450,1465,1452,1466,1432,1433,1434,1467
1466,1479,1480,1481,1450,1451,1452,1465,1467
1416,1415,1417,1395,1396,1397,1433,1434,1435
1434,1415,1416,1417,1451,1452,1453,1433,1435
1452,1451,1453,1466,1467,1433,1434,1435,1468
1467,1480,1481,1482,1451,1452,1453,1466,1468
1417,1416,1396,1397,1398,1434,1435,1436
1435,1416,1417,1452,1453,1454,1434,1436
1453,1468,1452,1454,1467,1434,1435,1436,1469
1468,1481,1482,1483,1452,1453,1454,1467,1469
1436,1417,1435,1453,1454
1454,1453,1436,1435,1468,1469
1469,1482,1483,1453,1454,1468
1477,1476,1478,1486,1487,1488,1462,1463,1464
1487,1476,1477,1478,1486,1488,1494,1495,1496
1495,1486,1487,1488,1494,1496,1500,1501,1502
1501,1509,1510,1511,1494,1495,1496,1500,1502
1478,1477,1479,1487,1488,1489,1463,1464,1465
1488,1477,1478,1479,1487,1489,1495,1496,1497
1496,1487,1488,1489,1495,1497,1501,1502,1503
1502,1510,1511,1512,1495,1496,1497,1501,1503
1479,1478,1480,1488,1489,1490,1464,1465,1466
1489,1478,1479,1480,1488,1490,1496,1497,1498
1497,1504,1488,1489,1490,1496,1498,1502,1503
1503,1504,1511,1512,1513,1496,1497,1498,1502
1480,1479,1481,1489,1490,1491,1465,1466,1467
1490,1479,1480,1481,1489,1491,1497,1498,1499
1498,1504,1505,1489,1490,1491,1497,1499,1503
1504,1505,1512,1513,1514,1497,1498,1499,1503
1481,1480,1482,1490,1491,1492,1466,1467,1468
1491,1480,1481,1482,1490,1492,1498,1499
1499,1504,1505,1506,1490,1491,1492,1498
1505,1504,1506,1513,1514,1515,1498,1499
1482,1481,1483,1491,1492,1467,1468,1469
1492,1481,1482,1483,1491,1499
1506,1505,1507,1514,1515,1516,1499
1483,1482,1492,1468,1469
1507,1506,1508,1515,1516,1517
1508,1507,1516,1517,1518
1529,1530,1541,1519
1509,1510,1519,1520,1500,1501
1519,1509,1510,1520,1529,1530,1531
1530,1541,1542,1519,1520,1529,1531
1541,1542,1552,1553,1529,1530,1531
1510,1509,1511,1519,1520,1521,1500,1501,1502
1520,1509,1510,1511,1519,1521,1530,1531,1532
1531,1541,1542,1543,1519,1520,1521,1530,1532
1542,1541,1543,1552,1553,1554,1530,1531,1532
1511,1510,1512,1520,1521,1522,1501,1502,1503
1521,1510,1511,1512,1520,1522,1531,1532,1533
1532,1542,1543,1544,1520,1521,1522,1531,1533
1543,1542,1544,1553,1554,1555,1531,1532,1533
1512,1504,1511,1513,1521,1522,1523,1502,1503
1522,1511,1512,1513,1521,1523,1532,1533,1534
1533,1543,1544,1545,1521,1522,1523,1532,1534
1544,1543,1545,1554,1555,1556,1532,1533,1534
1552,1553,1563,1541,1542
1553,1541,1542,1543,1552,1554,1563,1564
1563,1571,1552,1553,1554,1564
1554,1542,1543,1544,1553,1555,1563,1564,1565
1564,1571,1572,1553,1554,1555,1563,1565
1571,1563,1564,1565,1572
1555,1543,1544,1545,1554,1556,1564,1565,1566
1565,1571,1572,1573,1554,1555,1556,1564,1566
1572,1571,1573,1576,1564,1565,1566
1513,1504,1505,1512,1514,1522,1523,1524,1503
1523,1512,1513,1514,1522,1524,1533,1534,1535
1534,1544,1545,1546,1522,1523,1524,1533,1535
1545,1544,1546,1555,1556,1557,1533,1534,1535
1514,1504,1505,1506,1513,1515,1523,1524,1525
1524,1536,1513,1514,1515,1523,1525,1534,1535
1535,1536,1545,1546,1547,1523,1524,1525,1534
1546,1536,1545,1547,1556,1557,1558,1534,1535
1515,1505,1506,1507,1514,1516,1524,1525,1526
1525,1536,1537,1514,1515,1516,1524,1526,1535
1536,1537,1546,1547,1548,1524,1525,1526,1535
1547,1536,1537,1546,1548,1557,1558,1559,1535
1516,1506,1507,1508,1515,1517,1525,1526,1527
1526,1536,1537,1538,1515,1516,1517,1525,1527
1537,1536,1538,1547,1548,1549,1525,1526,1527
1548,1536,1537,1538,1547,1549,1558,1559,1560
1517,1507,1508,1516,1518,1526,1527,1528
1527,1537,1538,1539,1516,1517,1518,1526,1528
1538,1537,1539,1548,1549,1550,1526,1527,1528
1549,1537,1538,1539,1548,1550,1559,1560,1561
1556,1544,1545,1546,1555,1557,1565,1566,1567
1566,1572,1573,1574,1555,1556,1557,1565,1567
1573,1572,1574,1576,1565,1566,1567
1576,1572,1573,1574
1557,1568,1545,1546,1547,1556,1558,1566,1567
1567,1568,1573,1574,1575,1556,1557,1558,1566
1574,1568,1573,1575,1576,1566,1567
1558,1568,1569,1546,1547,1548,1557,1559,1567
1568,1569,1574,1575,1557,1558,1559,1567
1575,1568,1569,1574,1567
1559,1568,1569,1570,1547,1548,1549,1558,1560
1569,1568,1570,1575,1558,1559,1560
1560,1569,1570,1548,1549,1550,1559,1561
1570,1560,1561,1569,1559
922,923,950,951,952,921,890,891,889
951,979,980,981,950,952,921,922,923
980,1009,1010,979,1011,981,950,951,952
923,892,951,952,953,890,891,924,922
952,980,981,982,951,953,922,923,924
981,1010,1011,980,1012,982,951,952,953
924,891,925,952,953,954,923,892,893
953,981,982,983,952,954,923,924,925
982,1011,1012,981,1013,983,952,953,954
1010,1040,1009,1041,979,980,981,1011,1042
1041,1040,1009,1010,1011,1042,1077,1078,1079
1078,1120,1040,1041,1042,1077,1079,1118,1119
1011,1041,1010,1042,1012,980,981,982,1043
1042,1041,1010,1043,1011,1012,1078,1079,1080
1079,1120,1121,1041,1042,1043,1078,1080,1119
1012,983,1011,1042,1013,981,982,1043,1044
1043,1042,1011,1044,1012,1013,1079,1080,1081
1080,1120,1121,1122,1042,1043,1044,1079,1081
925,892,894,953,954,955,924,893,926
954,982,983,984,953,955,924,925,926
983,1012,1013,982,1014,984,953,954,955
926,893,895,954,955,956,925,894,927
955,983,984,985,954,956,925,926,927
984,1015,1013,1014,983,985,954,955,956
927,896,928,894,955,956,957,926,895
956,928,984,985,986,955,957,926,927
985,1014,1015,984,1016,986,955,956,957
1013,983,1043,1012,1044,1014,982,984,1045
1044,1043,1012,1045,1013,1014,1080,1081,1082
1081,1121,1122,1123,1043,1044,1045,1080,1082
1014,983,1044,1013,1045,1015,984,985,1046
1045,1015,1044,1013,1046,1014,1081,1082,1083
1082,1122,1123,1124,1044,1045,1046,1081,1083
1015,1047,1045,1014,1046,984,985,986,1016
1046,1015,1045,1014,1047,1016,1082,1083,1084
1083,1123,1124,1125,1045,1046,1047,1082,1084
1119,1120,1159,1160,1161,1077,1078,1079,1118
1160,1120,1159,1161,1198,1199,1200,1118,1119
1199,1159,1160,1161,1198,1200,1235,1236
1235,1198,1199,1200,1236,1270
1120,1121,1160,1161,1162,1078,1079,1080,1119
1161,1120,1121,1160,1162,1199,1200,1201,1119
1200,1160,1161,1162,1199,1201,1235,1236,1237
1236,1199,1200,1201,1235,1237,1270,1271
1270,1235,1236,1237,1271
1121,1120,1122,1161,1162,1163,1079,1080,1081
1162,1120,1121,1122,1161,1163,1200,1201,1202
1201,1161,1162,1163,1200,1202,1236,1237,1238
1237,1200,1201,1202,1236,1238,1270,1272,1271
1271,1236,1237,1270,1238,1272
1122,1121,1123,1162,1163,1164,1080,1081,1082
1163,1121,1122,1123,1162,1164,1201,1202,1203
1202,1162,1163,1164,1201,1203,1237,1238,1239
1238,1201,1202,1203,1237,1239,1272,1273,1271
1272,1237,1238,1271,1273,1239
1123,1122,1124,1163,1164,1165,1081,1082,1083
1164,1122,1123,1124,1163,1165,1202,1203,1204
1203,1163,1164,1165,1202,1204,1238,1239,1240
1239,1272,1202,1203,1204,1238,1240,1273,1274
1273,1272,1238,1239,1240,1274
1124,1123,1125,1164,1165,1166,1082,1083,1084
1165,1123,1124,1125,1164,1166,1203,1204,1205
1204,1164,1165,1166,1203,1205,1239,1240,1241
1240,1273,1203,1204,1205,1239,1241,1274,1275
1274,1273,1239,1240,1241,1275
928,896,897,929,895,956,957,958,927
957,928,929,985,986,987,956,958,927
986,1017,1015,1016,985,987,956,957,958
929,896,897,898,928,930,957,958,959
958,928,929,930,986,987,988,957,959
987,1018,1016,1017,986,988,957,958,959
930,960,929,897,898,899,931,958,959
959,960,929,930,931,987,988,989,958
988,960,1019,1017,1018,987,989,958,959
1016,1047,1046,1015,1048,985,986,987,1017
1047,1046,1015,1016,1017,1083,1084,1085,1048
1084,1124,1125,1126,1046,1047,1048,1083,1085
1017,986,1047,1016,1048,1018,987,988,1049
1048,1086,1047,1016,1017,1018,1084,1085,1049
1085,1125,1126,1127,1047,1048,1049,1084,1086
1018,1019,1048,1017,1050,987,988,989,1049
1049,1050,1048,1017,1018,1019,1085,1086,1087
1086,1126,1127,1128,1048,1049,1050,1085,1087
931,960,961,930,898,932,899,900,959
960,961,930,931,932,988,989,990,959
989,960,961,1020,1018,1019,988,990,959
932,960,961,962,931,899,900,901,933
961,960,962,931,932,933,989,990,991
990,960,961,962,1021,1019,1020,989,991
933,961,962,963,932,900,934,901,902
962,992,961,963,932,933,934,990,991
991,992,961,962,963,1022,1020,1021,990
1019,1050,988,1049,1018,1051,1020,989,990
1050,1088,1019,1049,1018,1051,1020,1086,1087
1087,1088,1127,1128,1129,1049,1050,1051,1086
1020,1051,989,1050,1019,1052,1021,990,991
1051,1088,1089,1020,1050,1019,1052,1021,1087
1088,1089,1128,1129,1130,1050,1051,1052,1087
1021,992,1052,990,1051,1020,1053,1022,991
1052,1088,1089,1090,1021,1051,1020,1053,1022
1089,1088,1090,1129,1130,1131,1051,1052,1053
1125,1124,1126,1165,1166,1167,1083,1084,1085
1166,1124,1125,1126,1165,1167,1204,1205,1206
1205,1165,1166,1167,1204,1206,1240,1241,1242
1241,1274,1204,1205,1206,1240,1242,1275,1276
1275,1274,1240,1241,1242,1276
1126,1125,1127,1166,1167,1168,1084,1085,1086
1167,1125,1126,1127,1166,1168,1205,1206,1207
1206,1166,1167,1168,1205,1207,1241,1242,1243
1242,1275,1205,1206,1207,1241,1243,1276,1277
1276,1275,1241,1242,1243,1277
1127,1126,1128,1167,1168,1169,1085,1086,1087
1168,1126,1127,1128,1167,1169,1206,1207,1208
1207,1167,1168,1169,1206,1208,1242,1243,1244
1243,1276,1206,1207,1208,1242,1244,1277,1278
1277,1276,1242,1243,1244,1278
1128,1088,1127,1129,1168,1169,1170,1086,1087
1169,1127,1128,1129,1168,1170,1207,1208,1209
1208,1168,1169,1170,1207,1209,1243,1244,1245
1244,1279,1207,1208,1209,1243,1245,1278,1277
1278,1245,1243,1244,1277,1279
1129,1088,1089,1128,1130,1169,1170,1171,1087
1170,1128,1129,1130,1169,1171,1208,1209,1210
1209,1169,1170,1171,1208,1210,1244,1245,1246
1245,1280,1278,1208,1209,1210,1244,1246,1279
1279,1280,1246,1302,1244,1245,1278
1130,1088,1089,1090,1129,1131,1170,1171,1172
1171,1129,1130,1131,1170,1172,1209,1210,1211
1210,1170,1171,1172,1209,1211,1245,1246,1247
1246,1280,1281,1279,1209,1210,1211,1245,1247
1280,1281,1247,1302,1303,1245,1246,1279
1302,1280,1281,1303,1279
934,962,963,933,901,902,903
963,992,993,962,933,934,991
992,993,962,963,1023,1021,1022,991
1022,992,993,1053,991,1052,1021,1054,1023
993,992,1024,963,1022,1023
1023,992,993,1024,1054,1053,1022,1055
1024,1056,993,1023,1054,1055
1090,1089,1091,1130,1131,1132,1052,1053,1054
1053,1089,1090,1091,1022,1052,1021,1054,1023
1131,1089,1090,1091,1130,1132,1171,1172,1173
1172,1130,1131,1132,1171,1173,1210,1211,1212
1054,1024,1090,1091,1092,1023,1053,1022,1055
1091,1090,1092,1131,1132,1133,1053,1054,1055
1132,1090,1091,1092,1131,1133,1172,1173,1174
1173,1131,1132,1133,1172,1174,1211,1212,1213
1055,1024,1056,1091,1092,1093,1054,1023
1092,1056,1091,1093,1132,1133,1134,1054,1055
1133,1091,1092,1093,1132,1134,1173,1174,1175
1174,1132,1133,1134,1173,1175,1212,1213,1214
1056,1024,1092,1093,1094,1055
1093,1056,1092,1094,1133,1134,1135,1055
1134,1092,1093,1094,1133,1135,1174,1175,1176
1175,1133,1134,1135,1174,1176,1213,1214,1215
1094,1056,1093,1095,1134,1135,1136
1135,1093,1094,1095,1134,1136,1175,1176,1177
1176,1216,1134,1135,1136,1175,1177,1214,1215
1095,1094,1096,1135,1136,1137
1136,1094,1095,1096,1135,1137,1176,1177,1178
1177,1216,1217,1135,1136,1137,1176,1178,1215
1096,1057,1095,1097,1136,1137,1138
1137,1095,1096,1097,1136,1138,1177,1178,1179
1178,1216,1217,1218,1136,1137,1138,1177,1179
1057,1096,1097,1058,1098
1097,1057,1058,1096,1098,1137,1138,1139
1138,1096,1097,1098,1137,1139,1178,1179,1180
1179,1217,1218,1219,1137,1138,1139,1178,1180
1058,1097,1057,1098,1099
1098,1057,1058,1097,1099,1138,1139,1140
1139,1097,1098,1099,1138,1140,1179,1180
1180,1218,1219,1220,1138,1139,1140,1179
1099,1058,1139,1140,1098
1140,1139,1098,1099,1180
1211,1248,1171,1172,1173,1210,1212,1246,1247
1247,1248,1280,1281,1282,1210,1211,1212,1246
1281,1248,1280,1282,1302,1303,1304,1246,1247
1303,1280,1281,1282,1302,1304
1212,1248,1249,1172,1173,1174,1211,1213,1247
1248,1249,1281,1282,1283,1211,1212,1213,1247
1282,1248,1249,1281,1283,1303,1304,1305,1247
1304,1281,1282,1283,1324,1303,1305
1213,1248,1249,1250,1173,1174,1175,1212,1214
1249,1248,1250,1282,1283,1284,1212,1213,1214
1283,1248,1249,1250,1282,1284,1304,1305,1306
1305,1282,1283,1284,1324,1325,1304,1306
1214,1249,1250,1251,1174,1175,1176,1213,1215
1250,1249,1251,1283,1284,1285,1213,1214,1215
1284,1249,1250,1283,1251,1285,1305,1306,1307
1306,1283,1284,1285,1324,1325,1326,1305,1307
1215,1216,1250,1251,1252,1175,1176,1177,1214
1251,1216,1250,1252,1284,1285,1286,1214,1215
1307,1284,1285,1286,1325,1326,1327,1306,1308
1285,1250,1251,1252,1284,1286,1306,1307,1308
1216,1217,1251,1252,1253,1176,1177,1178,1215
1252,1216,1217,1251,1253,1285,1286,1287,1215
1286,1251,1252,1285,1253,1287,1307,1308,1309
1308,1285,1286,1287,1326,1327,1328,1307,1309
1324,1325,1304,1305,1306,1342
1325,1324,1326,1305,1306,1307,1342,1343
1342,1324,1325,1326,1343
1326,1344,1325,1327,1306,1307,1308,1342,1343
1343,1344,1325,1326,1327,1359,1342
1327,1344,1345,1326,1328,1307,1308,1309,1343
1344,1345,1326,1327,1328,1359,1360,1343
1359,1344,1345,1379,1380,1360,1343
1217,1216,1218,1252,1253,1254,1177,1178,1179
1253,1216,1217,1218,1252,1254,1286,1287,1288
1309,1286,1287,1288,1327,1328,1329,1308,1310
1287,1252,1253,1254,1286,1288,1308,1309,1310
1218,1217,1219,1253,1254,1255,1178,1179,1180
1254,1217,1218,1219,1253,1255,1287,1288,1289
1288,1253,1254,1287,1255,1289,1309,1310,1311
1310,1287,1288,1289,1328,1329,1330,1309,1311
1219,1218,1220,1254,1255,1256,1179,1180
1255,1218,1219,1220,1254,1256,1288,1289,1290
1289,1312,1254,1255,1256,1288,1290,1310,1311
1311,1312,1288,1289,1290,1329,1330,1331,1310
1220,1219,1221,1255,1256,1257,1180
1256,1219,1220,1221,1255,1257,1289,1290,1291
1290,1312,1313,1255,1256,1257,1289,1291,1311
1312,1313,1289,1290,1291,1330,1331,1332,1311
1257,1220,1221,1256,1258,1290,1291,1292
1313,1312,1314,1290,1291,1292,1331,1332,1333
1221,1256,1257,1258,1220
1291,1312,1313,1314,1256,1257,1258,1290,1292
1258,1257,1291,1292,1221
1292,1313,1314,1257,1258,1291
1314,1313,1291,1292,1332,1333
1328,1344,1345,1346,1327,1329,1308,1309,1310
1345,1344,1346,1327,1328,1329,1359,1360,1361
1360,1344,1345,1346,1379,1380,1381,1359,1361
1329,1345,1346,1347,1328,1330,1309,1310,1311
1346,1345,1347,1328,1329,1330,1360,1361,1362
1361,1345,1346,1347,1380,1381,1382,1360,1362
1330,1312,1346,1347,1348,1329,1331,1310,1311
1347,1346,1348,1329,1330,1331,1361,1362,1363
1362,1346,1347,1348,1381,1382,1383,1361,1363
1331,1312,1313,1347,1348,1349,1330,1332,1311
1348,1347,1349,1330,1331,1332,1362,1363,1364
1363,1347,1348,1349,1382,1383,1362,1364
1349,1348,1363,1331,1332,1333,1364
1332,1312,1313,1314,1348,1349,1331,1333
1364,1363,1348,1349,1383
1333,1313,1314,1332,1349
1518,1528,1508,1517,1527
1528,1538,1539,1540,1517,1518,1527
1539,1538,1540,1549,1550,1551,1527,1528
1550,1538,1539,1540,1549,1551,1560,1561,1562
1561,1570,1549,1550,1551,1560,1562
1540,1528,1539,1550,1551
1551,1539,1540,1550,1561,1562
1562,1561,1550,1551
1379,1360,1380,1400,1359
1380,1379,1381,1359,1360,1361,1400,1401
1400,1379,1380,1381,1418,1401
1381,1380,1382,1360,1361,1362,1400,1401,1402
1401,1380,1381,1382,1418,1419,1400,1402
1418,1419,1400,1401,1402,1437,1438
1437,1418,1419,1455,1456,1438
1455,1456,1470,1437,1438
1382,1381,1383,1361,1362,1363,1401,1402,1403
1402,1381,1382,1383,1418,1419,1420,1401,1403
1419,1418,1420,1401,1402,1403,1437,1438,1439
1383,1382,1362,1363,1364,1402,1403
1403,1382,1383,1419,1420,1421,1402
1420,1440,1419,1421,1402,1403,1438,1439
1421,1440,1403,1420,1439
1438,1418,1419,1420,1455,1456,1457,1437,1439
1456,1470,1471,1455,1457,1437,1438,1439
1470,1456,1457,1471,1455
1439,1440,1419,1420,1421,1456,1457,1458,1438
1457,1440,1472,1470,1471,1456,1458,1438,1439
1471,1472,1456,1457,1458,1470
1472,1473,1457,1458,1459,1471
1440,1420,1421,1457,1458,1459,1439
1458,1440,1472,1473,1439,1457,1459,1471
1459,1440,1473,1458,1472
1473,1472,1458,1459
