5,1,12,13,6
12,5,6,13,21,22
1,2,5,6,7
6,1,2,5,7,12,13,14
13,5,6,7,12,14,21,22,23
2,1,3,6,7,8
7,1,2,3,6,8,13,14,15
14,6,7,8,13,15,22,23,24
3,2,4,7,8,9
8,2,3,4,7,9,14,15,16
15,7,8,9,14,16,23,24,25
21,12,13,22
22,12,13,14,21,23,30
23,13,14,15,22,24,30,31
30,37,22,23,24,31
24,32,14,15,16,23,25,30,31
31,32,37,38,23,24,25,30
37,32,38,45,46,30,31
125,159,160,126,95
95,96,71,125,126,127
126,96,160,161,127,125,95,159
71,96,97,95
96,128,97,71,95,126,127
127,96,97,128,160,161,162,126,95
97,96,128,98,129,71,127
128,96,97,98,129,161,162,163,127
98,128,97,129,99,130,72
129,128,97,98,99,130,162,163,164
72,98,99,100,73,53
99,129,98,130,100,131,72,73
130,129,98,99,100,131,163,164,165
45,37,38,46,53,54
53,72,73,74,45,46,54
73,99,100,101,72,74,53,54
100,130,99,131,101,132,72,73,74
131,130,99,132,100,101,164,165,166
4,8,9,10,3
9,3,4,8,10,15,16,17
16,8,9,10,15,17,24,25,26
10,4,9,11,16,17,18
17,9,10,11,16,18,25,26,27
11,19,17,10,18
18,10,11,17,19,26,27,28
19,11,18,20,27,28,29
20,19,28,29
25,32,33,15,16,17,24,26,31
32,33,37,38,39,24,25,26,31
38,32,33,37,39,45,46,47,31
26,32,33,34,16,17,18,25,27
33,32,34,38,39,40,25,26,27
39,32,33,34,38,40,46,47,48
27,33,34,35,17,18,19,26,28
34,33,35,39,40,41,26,27,28
40,33,34,35,39,41,47,48,49
28,34,35,36,18,19,20,27,29
35,34,36,40,41,27,28,29
41,34,35,36,40,48,49
29,35,36,19,20,28
36,41,35,28,29
46,37,38,39,45,47,53,54,55
54,73,74,75,45,46,47,53,55
74,100,101,102,73,75,53,54,55
101,131,100,132,102,133,73,74,75
132,131,100,101,102,133,165,166,167
47,38,39,40,46,48,54,55,56
55,74,75,76,46,47,48,54,56
75,101,102,103,74,76,54,55,56
102,132,101,133,103,134,74,75,76
133,132,101,134,102,103,166,167,168
48,39,40,41,47,49,55,56,57
56,75,76,77,47,48,49,55,57
76,102,103,104,75,77,55,56,57
103,133,102,134,104,135,75,76,77
134,133,102,135,104,103,167,168,169
49,40,41,48,56,57,58
57,76,77,78,48,49,56,58
77,103,104,105,76,78,56,57,58
104,134,103,135,105,136,76,77,78
135,134,103,104,105,136,168,169,170
58,77,78,79,49,57,59
78,104,105,106,77,79,57,58,59
105,135,104,136,106,137,77,78,79
136,135,104,105,106,137,169,170,171
59,80,58,78,79
79,105,106,107,78,80,58,59
106,136,105,137,107,138,78,79,80
137,136,105,106,107,138,170,171,172
279,280,323,322,235
322,323,360,361,362,279,280
235,194,236,279,280,281
280,322,323,324,235,236,279,281
323,322,324,361,362,363,279,280,281
194,195,235,236,237,159
236,194,195,235,237,280,281,282
281,323,324,325,235,236,237,280,282
324,323,325,362,363,364,280,281,282
159,160,194,195,196,125,126
195,160,194,196,236,237,238,159
237,194,195,196,236,238,281,282,283
282,324,325,326,236,237,238,281,283
325,324,326,363,364,365,281,282,283
160,161,195,196,197,127,125,126,159
196,160,161,195,197,237,238,239,159
238,195,196,197,237,239,282,283,284
283,325,326,327,237,238,239,282,284
326,325,327,364,365,366,282,283,284
161,128,160,162,196,197,198,126,127
197,160,161,162,196,198,238,239,240
239,196,197,198,238,240,283,284,285
284,326,327,328,238,239,240,283,285
327,326,328,365,366,367,283,284,285
548,499,597,549,598
499,448,548,549,550,500
549,548,550,499,500,597,598,599
448,449,402,499,500,501
500,448,449,549,550,551,499,501
550,549,551,499,500,501,598,599,600
360,361,322,403,402
402,448,449,450,360,361,403
449,448,450,402,403,500,501,502
501,448,449,450,550,551,552,500,502
551,550,552,500,501,502,599,600,601
361,322,323,360,362,402,403,404
403,449,450,451,360,361,362,402,404
450,449,451,402,403,404,501,502,503
502,449,450,451,551,552,553,501,503
552,551,553,501,502,503,600,601,602
362,322,323,324,361,363,403,404,405
404,450,451,452,361,362,363,403,405
451,450,452,403,404,405,502,503,504
363,323,324,325,362,364,404,405,406
405,451,452,453,362,363,364,404,406
452,451,453,404,405,406,503,504,505
364,324,325,326,363,365,405,406,407
406,452,453,454,363,364,365,405,407
453,452,454,405,406,407,504,505,506
365,325,326,327,364,366,406,407,408
407,453,454,455,364,365,366,406,408
454,453,455,406,407,408,505,506,507
366,326,327,328,365,367,407,408,409
408,454,455,456,365,366,367,407,409
455,454,456,407,408,409,506,507,508
503,450,451,452,552,553,554,502,504
553,552,554,502,503,504,601,602,603
504,451,452,453,553,554,555,503,505
554,553,555,503,504,505,602,603,604
505,452,453,454,554,555,556,504,506
555,554,556,504,505,506,603,604,605
506,453,454,455,555,556,557,505,507
556,555,557,505,506,507,604,605,606
507,454,455,456,556,557,558,506,508
557,556,558,506,507,508,605,606,607
162,128,129,161,163,197,198,199,127
198,161,162,163,197,199,239,240,241
240,197,198,199,239,241,284,285,286
163,128,129,130,162,164,198,199,200
199,162,163,164,198,200,240,241,242
241,198,199,200,240,242,285,286,287
164,129,130,131,163,165,199,200,201
200,163,164,165,199,201,241,242,243
242,288,199,200,201,241,243,286,287
165,130,131,164,132,166,200,201,202
201,164,165,166,200,202,242,243,244
243,288,289,200,201,202,242,244,287
166,131,132,133,165,167,201,202,203
202,165,166,167,201,203,243,244,245
244,288,289,290,201,202,203,243,245
285,327,328,329,239,240,241,284,286
328,327,329,366,367,368,284,285,286
286,328,329,330,240,241,242,285,287
329,328,330,367,368,369,285,286,287
287,288,329,330,331,241,242,243,286
330,288,329,331,368,369,370,286,287
288,289,330,331,332,242,243,244,287
331,288,289,330,332,369,370,371,287
289,288,290,331,332,333,243,244,245
332,288,289,290,331,333,370,371,372
367,327,328,329,366,368,408,409,410
409,455,456,457,366,367,368,408,410
456,455,457,408,409,410,507,508,509
368,328,329,330,367,369,409,410,411
410,456,457,458,367,368,369,409,411
457,456,458,409,410,411,508,509,510
369,329,330,331,368,370,410,411,412
411,457,458,459,368,369,370,410,412
458,457,459,410,411,412,509,510,511
370,330,331,332,369,371,411,412,413
412,458,459,460,369,370,371,411,413
459,512,458,460,411,412,413,510,511
371,331,332,333,370,372,412,413,414
413,459,460,461,370,371,372,412,414
460,512,513,459,461,412,413,414,511
508,455,456,457,557,558,559,507,509
558,608,557,559,507,508,509,606,607
509,456,457,458,558,559,560,508,510
559,608,609,558,560,508,509,510,607
510,457,458,459,559,560,561,509,511
560,608,609,610,559,561,509,510,511
511,512,458,459,460,560,561,562,510
561,512,609,610,611,560,562,510,511
512,513,459,460,461,561,562,563,511
562,512,513,610,611,612,561,563,511
167,132,133,166,134,168,202,203,204
203,166,167,168,202,204,244,245,246
245,289,290,291,202,203,204,244,246
290,289,291,332,333,334,244,245,246
333,289,290,291,332,334,371,372,373
168,133,134,167,135,169,203,204,205
204,167,168,169,203,205,245,246,247
246,290,291,292,203,204,205,245,247
291,290,292,333,334,335,245,246,247
334,290,291,292,333,335,372,373,374
169,134,135,136,168,170,204,205,206
205,168,169,170,204,206,246,247,248
247,291,292,293,204,205,206,246,248
292,291,293,334,335,336,246,247,248
335,291,292,293,334,336,373,374,375
170,135,136,137,169,171,205,206,207
206,169,170,171,205,207,247,248,249
248,292,293,294,205,206,207,247,249
293,292,294,335,336,337,247,248,249
336,292,293,294,335,337,374,375,376
171,136,137,138,170,172,206,207,208
207,170,171,172,206,208,248,249,250
249,293,294,295,206,207,208,248,250
294,293,295,336,337,338,248,249,250
337,293,294,295,336,338,375,376,377
372,332,333,334,371,373,413,414,415
414,460,461,462,371,372,373,413,415
461,512,513,514,460,462,413,414,415
513,512,514,460,461,462,562,563,564
563,512,513,514,611,612,613,562,564
373,416,333,334,335,372,374,414,415
415,416,461,462,463,372,373,374,414
462,416,513,514,515,461,463,414,415
514,513,515,461,462,463,563,564,565
564,513,514,515,612,613,614,563,565
374,416,417,334,335,336,373,375,415
416,417,462,463,464,373,374,375,415
463,416,417,514,515,516,462,464,415
515,514,516,462,463,464,564,565,566
565,514,515,516,613,614,615,564,566
375,416,417,418,335,336,337,374,376
417,416,418,463,464,465,374,375,376
464,416,417,418,515,516,517,463,465
516,515,517,463,464,465,565,566,567
566,515,516,517,614,615,616,565,567
376,417,418,419,336,337,338,375,377
418,417,419,464,465,466,375,376,377
465,417,418,419,516,517,518,464,466
517,516,518,464,465,466,566,567,568
567,516,517,518,615,616,617,566,568
817,880,881,818,758
700,759,701,758,647
758,817,818,819,759,700,701
818,880,817,881,819,882,758,759
647,648,597,700,701,702
701,647,648,758,759,760,700,702
759,818,819,820,758,760,700,701,702
819,881,818,882,820,883,758,759,760
597,548,549,647,648,649,598
648,647,649,597,598,701,702,703
702,647,648,649,759,760,761,701,703
760,819,820,821,759,761,701,702,703
820,882,819,883,821,884,759,760,761
598,548,549,550,648,649,650,597,599
649,704,648,650,597,598,599,702,703
703,704,648,649,650,760,761,762,702
761,704,820,821,822,760,762,702,703
821,883,820,884,822,885,760,761,762
599,549,550,551,649,650,651,598,600
650,704,705,649,651,598,599,600,703
704,705,649,650,651,761,762,763,703
762,704,705,821,822,823,761,763,703
822,884,821,885,823,886,761,762,763
880,817,946,818,945,881
945,880,881,946,1010,1011
1010,945,946,1011,1076,1075
1075,1010,1011,1076,1144,1145
1144,1216,1075,1076,1145,1215
881,880,817,818,819,882,945,946,947
946,880,881,882,945,947,1010,1011,1012
1011,945,1010,946,947,1012,1075,1076,1077
1076,1010,1075,1011,1012,1077,1144,1145,1146
1145,1216,1217,1075,1076,1077,1144,1146,1215
882,881,818,883,819,820,946,947,948
947,881,946,882,883,948,1011,1012,1013
1012,946,947,948,1013,1011,1076,1077,1078
1077,1011,1012,1013,1078,1076,1145,1146,1147
1146,1216,1217,1218,1076,1077,1078,1145,1147
883,882,819,884,820,821,947,948,949
1013,947,1012,948,949,1014,1077,1078,1079
1078,1012,1077,1013,1014,1079,1146,1147,1148
1147,1217,1218,1219,1077,1078,1079,1146,1148
948,882,883,884,947,949,1012,1013,1014
884,883,820,885,821,822,948,949,950
949,883,948,884,885,950,1013,1014,1015
1014,1015,948,1013,949,950,1078,1079,1080
1079,1015,1013,1078,1014,1080,1147,1148,1149
1148,1218,1219,1220,1078,1079,1080,1147,1149
885,823,951,884,821,886,822,949,950
950,1015,884,885,886,951,949,1014,1016
1015,951,949,1014,950,1016,1079,1080,1081
1080,1015,1014,1079,1016,1081,1148,1149,1150
1149,1219,1220,1221,1079,1080,1081,1148,1150
600,550,551,552,650,651,652,599,601
651,704,705,706,650,652,599,600,601
705,704,706,650,651,652,762,763,764
763,704,705,706,822,823,824,762,764
823,887,885,822,886,824,762,763,764
601,551,552,553,651,652,653,600,602
652,705,706,707,651,653,600,601,602
706,705,707,651,652,653,763,764,765
764,705,706,707,823,824,825,763,765
824,887,886,823,888,825,763,764,765
602,552,553,554,652,653,654,601,603
653,706,707,708,652,654,601,602,603
707,706,708,652,653,654,764,765,766
765,706,707,708,824,825,826,764,766
825,888,887,824,889,826,764,765,766
603,553,554,555,653,654,655,602,604
654,707,708,709,653,655,602,603,604
708,707,709,653,654,655,765,766,767
766,707,708,709,825,826,827,765,767
826,889,888,825,890,827,765,766,767
604,554,555,556,654,655,656,603,605
655,708,709,710,654,656,603,604,605
709,768,708,710,654,655,656,766,767
767,768,708,709,710,826,827,828,766
827,768,890,889,826,891,828,766,767
605,555,556,557,655,656,657,604,606
656,709,710,711,655,657,604,605,606
710,768,769,709,711,655,656,657,767
768,769,709,710,711,827,828,829,767
828,768,769,891,890,827,892,829,767
886,823,951,885,822,887,824,950,952
951,887,1015,885,950,886,952,1016,1017
1016,1082,951,950,1015,952,1017,1080,1081
1081,1082,1015,1016,1017,1080,1149,1150,1151
1150,1220,1221,1222,1080,1081,1082,1149,1151
887,951,888,886,823,824,825,952,953
952,887,886,951,888,953,1018,1017,1016
1017,1082,951,952,953,1018,1083,1016,1081
1082,1152,1016,1017,1018,1083,1151,1150,1081
1151,1152,1221,1222,1223,1081,1082,1083,1150
888,954,952,887,824,825,826,953,889
953,1018,952,887,888,889,954,1019,1017
1018,1082,1083,952,953,954,1019,1084,1017
1083,1152,1153,1082,1017,1018,1019,1084,1151
1152,1153,1222,1223,1224,1082,1083,1084,1151
889,954,955,953,888,825,826,827,890
954,1018,955,1019,888,889,890,953,1020
1019,954,1083,1084,953,1018,955,1020,1085
1084,1152,1153,1154,1019,1018,1083,1020,1085
1153,1152,1154,1223,1224,1225,1083,1084,1085
890,954,827,955,956,889,826,891,828
955,1019,1020,889,954,891,956,1021,890
1020,1019,1084,1085,954,955,956,1021,1086
1085,1153,1154,1155,1084,1019,1020,1021,1086
1154,1153,1155,1224,1225,1226,1084,1085,1086
891,955,828,956,957,890,827,892,829
956,955,1020,1021,890,891,892,957,1022
1021,956,1085,1086,955,1020,957,1022,1087
1086,1154,1155,1156,1021,1020,1085,1022,1087
1155,1154,1156,1225,1226,1227,1085,1086,1087
1215,1144,1145,1289,1216
1216,1217,1289,1290,1144,1145,1146,1215
1289,1216,1217,1290,1361,1215
1217,1216,1218,1289,1290,1291,1145,1146,1147
1290,1216,1217,1218,1289,1291,1361,1362
1361,1289,1290,1291,1362,1436
1218,1217,1219,1290,1291,1292,1146,1147,1148
1291,1217,1218,1219,1290,1292,1361,1362,1363
1362,1290,1291,1292,1361,1363,1436,1437
1219,1218,1220,1291,1292,1293,1147,1148,1149
1292,1218,1219,1220,1291,1293,1362,1363,1364
1363,1291,1292,1293,1362,1364,1436,1437,1438
1220,1219,1221,1292,1293,1294,1148,1149,1150
1293,1219,1220,1221,1292,1294,1363,1364,1365
1364,1292,1293,1294,1363,1365,1437,1438,1439
1436,1504,1505,1361,1362,1363,1437
1504,1568,1505,1436,1437
1437,1504,1505,1506,1362,1363,1364,1436,1438
1505,1504,1568,1506,1569,1436,1437,1438
1568,1504,1505,1506,1569
1438,1505,1506,1507,1363,1364,1365,1437,1439
1506,1568,1505,1569,1507,1570,1437,1438,1439
1569,1568,1505,1506,1507,1570,1625
1221,1220,1222,1293,1294,1295,1149,1150,1151
1294,1220,1221,1222,1293,1295,1364,1365,1366
1365,1440,1293,1294,1295,1364,1366,1438,1439
1439,1440,1506,1507,1508,1364,1365,1366,1438
1507,1440,1569,1506,1570,1508,1571,1438,1439
1222,1152,1221,1223,1294,1295,1296,1150,1151
1295,1221,1222,1223,1294,1296,1365,1366,1367
1366,1440,1441,1294,1295,1296,1365,1367,1439
1440,1441,1507,1508,1509,1365,1366,1367,1439
1508,1440,1441,1570,1507,1571,1509,1572,1439
1223,1152,1153,1222,1224,1295,1296,1297,1151
1296,1222,1223,1224,1295,1297,1366,1367,1368
1367,1440,1441,1442,1295,1296,1297,1366,1368
1441,1440,1442,1508,1509,1510,1366,1367,1368
1509,1440,1441,1442,1571,1508,1572,1510,1573
1224,1152,1153,1154,1223,1225,1296,1297,1298
1297,1223,1224,1225,1296,1298,1367,1368,1369
1368,1441,1442,1443,1296,1297,1298,1367,1369
1442,1441,1443,1509,1510,1511,1367,1368,1369
1510,1441,1442,1443,1572,1509,1573,1511,1574
1225,1153,1154,1155,1224,1226,1297,1298,1299
1298,1224,1225,1226,1297,1299,1368,1369,1370
1369,1442,1443,1444,1297,1298,1299,1368,1370
1443,1442,1444,1510,1511,1512,1368,1369,1370
1511,1442,1443,1444,1573,1510,1574,1512,1575
1226,1154,1155,1156,1225,1227,1298,1299,1300
1299,1225,1226,1227,1298,1300,1369,1370,1371
1370,1443,1444,1445,1298,1299,1300,1369,1371
1444,1443,1445,1511,1512,1513,1369,1370,1371
1512,1443,1444,1445,1574,1511,1575,1513,1576
1570,1569,1506,1507,1508,1571,1625,1626
1625,1569,1570,1571,1680,1681,1626
1680,1625,1626,1731,1681
1571,1570,1507,1508,1509,1572,1625,1626,1627
1626,1570,1571,1572,1680,1681,1682,1625,1627
1681,1731,1732,1680,1682,1625,1626,1627
1731,1680,1681,1682,1732
1572,1571,1508,1573,1509,1510,1626,1627,1628
1627,1571,1572,1573,1681,1682,1683,1626,1628
1682,1731,1732,1733,1681,1683,1626,1627,1628
1732,1731,1733,1773,1681,1682,1683
1573,1572,1509,1574,1510,1511,1627,1628,1629
1628,1572,1573,1574,1682,1683,1684,1627,1629
1683,1732,1733,1734,1682,1684,1627,1628,1629
1733,1732,1734,1773,1774,1682,1683,1684
1773,1774,1732,1733,1734
1574,1573,1510,1575,1512,1511,1628,1629,1630
1629,1573,1574,1575,1683,1684,1685,1628,1630
1684,1733,1734,1735,1683,1685,1628,1629,1630
1734,1733,1735,1773,1774,1775,1683,1684,1685
1774,1733,1734,1735,1773,1775
1575,1574,1511,1512,1513,1576,1629,1630,1631
1630,1574,1575,1576,1684,1685,1686,1629,1631
1685,1734,1735,1736,1684,1686,1629,1630,1631
1735,1734,1736,1774,1775,1776,1684,1685,1686
1775,1734,1735,1736,1774,1776
606,556,557,558,656,657,658,605,607
657,710,711,712,656,658,605,606,607
711,768,769,770,710,712,656,657,658
769,768,770,710,711,712,828,829,830
829,768,769,770,892,891,828,893,830
607,608,557,558,559,657,658,659,606
658,608,711,712,713,657,659,606,607
712,769,770,771,711,713,657,658,659
770,769,771,711,712,713,829,830,831
830,769,770,771,893,892,829,894,831
608,609,558,559,560,658,659,660,607
659,608,609,712,713,714,658,660,607
713,770,771,772,712,714,658,659,660
771,832,770,772,712,713,714,830,831
831,832,770,771,772,894,893,830,895
609,608,610,559,560,561,659,660,661
660,608,609,610,713,714,715,659,661
714,771,772,773,713,715,659,660,661
772,832,833,771,773,713,714,715,831
832,896,833,771,772,773,895,894,831
610,609,611,560,561,562,660,661,662
661,609,610,611,714,715,716,660,662
715,772,773,774,714,716,660,661,662
773,832,833,834,772,774,714,715,716
833,832,896,834,897,772,773,774,895
611,610,612,561,562,563,661,662,663
662,610,611,612,715,716,717,661,663
716,773,774,775,715,717,661,662,663
774,833,834,835,773,775,715,716,717
834,896,833,897,835,898,773,774,775
892,956,829,957,958,891,828,893,830
957,892,1021,1022,891,956,893,958,1023
1022,1088,957,1087,1086,956,1021,958,1023
1087,1088,1155,1156,1157,1022,1021,1086,1023
1156,1088,1155,1157,1226,1227,1228,1086,1087
893,957,830,958,959,892,829,894,831
958,1024,957,1022,1023,892,893,894,959
1023,1024,1088,1089,1087,958,957,1022,959
1088,1024,1089,1156,1157,1158,1023,1022,1087
1157,1088,1089,1156,1158,1227,1228,1229,1087
894,832,960,958,831,959,893,830,895
959,960,1024,1025,894,1023,893,958,895
1024,960,1025,1088,1089,1090,959,958,1023
1089,1024,1025,1090,1088,1157,1158,1159,1023
1158,1088,1089,1090,1157,1159,1228,1229,1230
895,832,833,896,960,961,959,894,831
960,896,961,1024,1025,1026,895,894,959
1025,960,961,1026,1024,1089,1090,1091,959
1090,1024,1025,1026,1089,1091,1158,1159,1160
1159,1089,1090,1091,1158,1160,1229,1230,1231
896,832,833,834,897,960,961,962,895
961,896,897,962,960,1025,1026,1027,895
1026,960,961,962,1027,1025,1090,1091,1092
1091,1025,1026,1027,1092,1090,1159,1160,1161
1160,1090,1091,1092,1159,1161,1230,1231,1232
897,896,833,834,835,898,961,962,963
962,896,897,898,963,961,1026,1027,1028
1027,961,962,963,1028,1026,1091,1092,1093
1092,1026,1027,1028,1091,1093,1160,1161,1162
1161,1091,1092,1093,1160,1162,1231,1232,1233
612,611,613,562,563,564,662,663,664
663,611,612,613,716,717,718,662,664
717,774,775,776,716,718,662,663,664
775,834,835,836,774,776,716,717,718
835,897,834,898,836,899,774,775,776
613,612,614,563,564,565,663,664,665
664,612,613,614,717,718,719,663,665
718,775,776,777,717,719,663,664,665
776,835,836,837,775,777,717,718,719
836,898,835,899,837,900,775,776,777
614,613,615,564,565,566,664,665,666
665,613,614,615,718,719,720,664,666
719,776,777,778,718,720,664,665,666
777,836,837,838,776,778,718,719,720
837,899,836,900,838,901,776,777,778
615,614,616,565,566,567,665,666,667
666,614,615,616,719,720,721,665,667
720,777,778,779,719,721,665,666,667
778,837,838,839,777,779,719,720,721
838,900,837,901,839,902,777,778,779
616,615,617,566,567,568,666,667,668
667,615,616,617,720,721,722,666,668
721,778,779,780,720,722,666,667,668
779,838,839,840,778,780,720,721,722
839,901,838,902,840,903,778,779,780
898,897,834,835,836,899,962,963,964
963,897,898,899,964,962,1027,1028,1029
1028,962,1027,963,964,1029,1092,1093,1094
1093,1027,1028,1029,1094,1092,1161,1162,1163
1162,1092,1093,1094,1161,1163,1232,1233,1234
899,898,835,900,836,837,963,964,965
964,898,899,900,965,963,1028,1029,1030
1029,963,1028,964,965,1030,1093,1094,1095
1094,1028,1029,1030,1095,1093,1162,1163,1164
1163,1093,1094,1095,1162,1164,1233,1234,1235
900,899,836,837,838,901,964,965,966
965,899,964,900,901,966,1029,1030,1031
1030,964,1029,965,966,1031,1094,1095,1096
1095,1029,1094,1030,1096,1031,1163,1164,1165
1164,1094,1095,1096,1163,1165,1234,1235,1236
901,900,837,902,838,839,965,966,967
966,900,965,901,902,967,1030,1031,1032
1031,965,1030,966,1032,967,1095,1096,1097
1096,1030,1095,1032,1097,1031,1164,1165,1166
1165,1095,1096,1097,1164,1166,1235,1236,1237
902,901,838,903,840,839,966,967,968
967,901,966,902,968,903,1031,1032,1033
1032,966,1031,968,1033,967,1096,1097,1098
1097,1031,1032,1033,1098,1096,1165,1166,1167
1166,1096,1097,1098,1165,1167,1236,1237,1238
1227,1155,1156,1157,1226,1228,1299,1300,1301
1300,1226,1227,1228,1299,1301,1370,1371,1372
1371,1444,1445,1446,1299,1300,1301,1370,1372
1445,1444,1446,1512,1513,1514,1370,1371,1372
1513,1444,1445,1446,1575,1512,1576,1514,1577
1228,1156,1157,1158,1227,1229,1300,1301,1302
1301,1227,1228,1229,1300,1302,1371,1372,1373
1372,1445,1446,1447,1300,1301,1302,1371,1373
1446,1445,1447,1513,1514,1515,1371,1372,1373
1514,1445,1446,1447,1576,1513,1577,1515,1578
1229,1157,1158,1159,1228,1230,1301,1302,1303
1302,1228,1229,1230,1301,1303,1372,1373,1374
1373,1446,1447,1448,1301,1302,1303,1372,1374
1447,1446,1448,1514,1515,1516,1372,1373,1374
1515,1446,1447,1448,1577,1514,1578,1516,1579
1230,1158,1159,1160,1229,1231,1302,1303,1304
1303,1229,1230,1231,1302,1304,1373,1374,1375
1374,1447,1448,1449,1302,1303,1304,1373,1375
1448,1447,1449,1515,1516,1517,1373,1374,1375
1516,1447,1448,1449,1578,1515,1579,1517,1580
1231,1159,1160,1161,1230,1232,1303,1304,1305
1304,1376,1230,1231,1232,1303,1305,1374,1375
1375,1376,1448,1449,1450,1303,1304,1305,1374
1449,1376,1448,1450,1516,1517,1518,1374,1375
1517,1448,1449,1450,1579,1516,1580,1518,1581
1232,1160,1161,1162,1231,1233,1304,1305,1306
1305,1376,1377,1231,1232,1233,1304,1306,1375
1376,1377,1449,1450,1451,1304,1305,1306,1375
1450,1376,1377,1449,1451,1517,1518,1519,1375
1518,1449,1450,1451,1580,1517,1581,1519,1582
1576,1632,1575,1512,1513,1514,1577,1630,1631
1631,1632,1575,1576,1577,1685,1686,1687,1630
1686,1632,1735,1736,1737,1685,1687,1630,1631
1736,1735,1737,1775,1776,1685,1686,1687
1776,1736,1737,1775,1735
1577,1632,1633,1576,1513,1514,1515,1578,1631
1632,1633,1576,1577,1578,1686,1687,1688,1631
1687,1632,1633,1736,1737,1738,1686,1688,1631
1737,1736,1738,1776,1686,1687,1688
1578,1632,1633,1634,1577,1514,1515,1516,1579
1633,1632,1634,1577,1578,1579,1687,1688,1689
1688,1632,1633,1634,1737,1738,1687,1689
1738,1688,1689,1737,1687
1579,1633,1634,1635,1578,1515,1516,1517,1580
1634,1633,1635,1578,1579,1580,1688,1689,1690
1689,1633,1634,1635,1738,1739,1688,1690
1580,1634,1635,1636,1579,1516,1581,1517,1518
1635,1634,1636,1579,1580,1581,1689,1690,1691
1690,1634,1635,1636,1739,1689,1691
1739,1689,1690,1691
1581,1635,1636,1637,1580,1517,1582,1518,1519
1636,1635,1637,1580,1581,1582,1690,1691,1692
1691,1635,1636,1637,1739,1690,1692
1233,1161,1162,1163,1232,1234,1305,1306,1307
1306,1376,1377,1378,1232,1233,1234,1305,1307
1377,1376,1378,1450,1451,1452,1305,1306,1307
1451,1376,1377,1378,1450,1452,1518,1519,1520
1234,1162,1163,1164,1233,1235,1306,1307,1308
1307,1377,1378,1379,1233,1234,1235,1306,1308
1378,1377,1379,1451,1452,1453,1306,1307,1308
1452,1377,1378,1379,1451,1453,1519,1520,1521
1235,1163,1164,1165,1234,1236,1307,1308
1308,1378,1379,1380,1234,1235,1236,1307
1379,1378,1380,1452,1453,1454,1307,1308
1453,1378,1379,1380,1452,1454,1520,1521,1522
1236,1164,1165,1166,1235,1237,1308
1380,1379,1381,1453,1454,1455,1308
1454,1379,1380,1381,1453,1455,1521,1522,1523
1237,1165,1166,1167,1236,1238
1381,1380,1454,1455
1455,1380,1381,1454,1522,1523
1519,1450,1451,1452,1581,1518,1582,1520,1583
1582,1636,1637,1638,1581,1518,1583,1520,1519
1637,1636,1638,1581,1582,1583,1691,1692,1693
1692,1636,1637,1638,1691,1693
1520,1451,1452,1453,1582,1519,1583,1521,1584
1583,1637,1638,1639,1582,1519,1520,1521,1584
1638,1637,1639,1582,1583,1584,1692,1693,1694
1693,1637,1638,1639,1692,1694
1521,1452,1453,1454,1583,1520,1584,1522,1585
1584,1638,1639,1640,1583,1520,1521,1522,1585
1639,1638,1640,1583,1584,1585,1693,1694
1694,1640,1693,1638,1639
1522,1453,1454,1455,1584,1521,1585,1523,1586
1585,1639,1640,1584,1521,1522,1523,1586
1640,1639,1584,1585,1586,1694
1523,1454,1455,1585,1522,1586
1586,1640,1585,1522,1523
80,106,107,108,79,81,59
107,137,106,138,108,139,79,80,81
138,137,106,107,108,139,171,172,173
172,137,138,139,171,173,207,208,209
208,171,172,173,207,209,249,250,251
81,107,108,109,80,82,60
173,138,139,172,140,174,208,209,210
108,138,107,139,109,140,80,81,82
139,138,107,140,108,109,172,173,174
209,172,173,174,208,210,250,251,252
60,81,82,83,61
82,108,109,110,81,83,60,61
109,139,108,140,110,141,81,82,83
140,139,108,109,110,141,173,174,175
174,139,140,141,173,175,209,210,211
210,173,174,175,209,211,251,252,253
61,82,83,84,60,62
83,109,110,111,82,84,60,61,62
110,140,109,141,111,142,82,83,84
62,83,84,85,61,63
84,110,111,112,83,85,61,62,63
111,141,110,142,112,143,83,84,85
63,64,84,85,86,62
85,64,111,112,113,84,86,62,63
112,142,111,143,113,144,84,85,86
141,140,109,142,110,111,174,175,176
175,140,141,174,142,176,210,211,212
211,174,175,176,210,212,252,253,254
142,141,110,143,112,111,175,176,177
176,141,142,175,143,177,211,212,213
212,175,176,177,211,213,253,254,255
143,142,111,112,113,144,176,177,178
177,142,143,144,176,178,212,213,214
213,256,176,177,178,212,214,254,255
64,65,85,86,87,63
86,64,65,112,113,114,85,87,63
65,64,66,50,86,87,88
87,64,65,66,113,114,115,86,88
42,51,50,43
50,65,66,67,42,43,51
66,65,67,50,51,87,88,89
88,65,66,67,114,115,116,87,89
43,42,44,50,51,52
51,66,67,68,42,43,44,50,52
67,66,68,50,51,52,88,89,90
89,66,67,68,115,116,117,88,90
44,51,43,52
52,67,68,69,43,44,51
68,67,69,51,52,89,90,91
90,67,68,69,116,117,118,89,91
69,68,70,52,90,91,92
91,68,69,70,117,118,119,90,92
113,143,112,144,114,145,85,86,87
144,143,112,113,114,145,177,178,179
178,143,144,145,177,179,213,214,215
214,256,257,177,178,179,213,215,255
114,144,113,145,115,146,86,87,88
145,144,113,114,115,146,178,179,180
179,144,145,146,178,180,214,215,216
215,256,257,258,178,179,180,214,216
115,145,114,146,116,147,87,88,89
146,145,114,115,116,147,179,180,181
180,145,146,147,179,181,215,216,217
216,257,258,259,179,180,181,215,217
116,146,115,147,117,148,88,89,90
147,146,115,148,116,117,180,181,182
181,146,147,180,148,182,216,217,218
217,258,259,260,180,181,182,216,218
117,147,116,148,118,149,89,90,91
148,147,116,117,118,149,181,182,183
182,147,148,149,181,183,217,218,219
218,259,260,261,181,182,183,217,219
118,148,117,149,119,150,90,91,92
149,148,117,150,118,119,182,184,183
183,148,149,182,150,184,218,219,220
219,260,261,262,182,183,184,218,220
250,294,295,296,207,208,209,249,251
295,294,296,337,338,339,249,250,251
338,294,295,296,337,339,376,377,378
377,418,419,420,337,338,339,376,378
339,295,296,297,338,340,377,378,379
251,295,296,297,208,209,210,250,252
296,295,297,338,339,340,250,251,252
378,419,420,421,338,339,340,377,379
252,296,297,298,209,210,211,251,253
297,296,298,339,340,341,251,252,253
340,296,297,298,339,341,378,379,380
379,420,421,422,339,340,341,378,380
253,297,298,299,210,211,212,252,254
298,297,299,340,341,342,252,253,254
341,297,298,299,340,342,379,380,381
380,421,422,423,340,341,342,379,381
254,298,299,300,211,212,213,253,255
299,298,300,341,342,343,253,254,255
342,298,299,300,341,343,380,381,382
381,422,423,424,341,342,343,380,382
255,256,299,300,301,212,213,214,254
300,256,299,301,342,343,344,254,255
343,299,300,301,342,344,381,382,383
382,423,424,425,342,343,344,381,383
419,418,420,465,466,467,376,377,378
466,418,419,420,517,518,519,465,467
518,517,519,465,466,467,567,568,569
568,517,518,519,616,617,618,567,569
467,419,420,421,518,519,520,466,468
420,419,421,466,467,468,377,378,379
519,518,520,466,467,468,568,569,570
569,518,519,520,617,618,619,568,570
421,420,422,467,468,469,378,379,380
468,420,421,422,519,520,521,467,469
520,519,521,467,468,469,569,570,571
570,519,520,521,618,619,620,569,571
422,421,423,468,469,470,379,380,381
469,421,422,423,520,521,522,468,470
521,520,522,468,469,470,570,571,572
571,520,521,522,619,620,621,570,572
423,422,424,469,470,471,380,381,382
470,422,423,424,521,522,523,469,471
522,521,523,469,470,471,571,572,573
572,521,522,523,620,621,622,571,573
424,423,425,470,471,472,381,382,383
471,423,424,425,522,523,524,470,472
523,522,524,470,471,472,572,573,574
573,522,523,524,621,622,623,572,574
256,257,300,301,302,213,214,215,255
301,256,257,300,302,343,344,345,255
344,384,300,301,302,343,345,382,383
383,384,424,425,426,343,344,345,382
257,256,258,301,302,303,214,215,216
302,256,257,258,301,303,344,345,346
345,384,385,301,302,303,344,346,383
384,385,425,426,427,344,345,346,383
258,257,259,302,303,304,215,216,217
303,257,258,259,302,304,345,346,347
346,384,385,386,302,303,304,345,347
385,384,386,426,427,428,345,346,347
259,258,260,303,304,305,216,217,218
304,258,259,260,303,305,346,347,348
347,385,386,387,303,304,305,346,348
386,385,387,427,428,429,346,347,348
260,259,261,304,305,306,217,218,219
305,259,260,261,304,306,347,348,349
348,386,387,388,304,305,306,347,349
387,386,388,428,429,430,347,348,349
261,260,262,305,306,307,218,219,220
306,260,261,262,305,307,348,349,350
349,387,388,389,305,306,307,348,350
388,387,389,429,430,431,348,349,350
425,384,424,426,471,472,473,382,383
472,424,425,426,523,524,525,471,473
524,523,525,471,472,473,573,574,575
574,523,524,525,622,623,624,573,575
426,384,385,425,427,472,473,474,383
473,425,426,427,524,525,526,472,474
525,576,524,526,472,473,474,574,575
575,576,524,525,526,623,624,625,574
427,384,385,386,426,428,473,474,475
474,426,427,428,525,526,527,473,475
526,576,577,525,527,473,474,475,575
576,577,525,526,527,624,625,626,575
428,385,386,387,427,429,474,475,476
475,427,428,429,526,527,528,474,476
527,576,577,578,526,528,474,475,476
577,576,578,526,527,528,625,626,627
429,386,387,388,428,430,475,476,477
476,428,429,430,527,528,529,475,477
528,577,578,579,527,529,475,476,477
578,577,579,527,528,529,626,627,628
430,387,388,389,429,431,476,477,478
477,429,430,431,528,529,530,476,478
529,578,579,580,528,530,476,477,478
579,578,580,528,529,530,627,628,629
70,91,92,69
92,69,70,118,119,120,91
119,149,118,150,120,151,91,92
150,185,119,149,118,151,120,183,184
120,119,150,151,152,121,92
151,185,150,119,120,121,186,152,184
121,93,151,120,153,122,152
152,153,185,186,151,120,121,122,187
93,121,122,123,94
122,153,152,121,154,123,93,94
153,154,186,187,152,121,122,123,188
94,122,123,124,93
123,154,153,122,155,124,93,94
154,155,187,188,153,122,123,124,189
124,155,154,123,156,94
155,124,156,154,123,188,189,190
184,149,150,183,151,185,219,220,221
220,261,262,263,183,184,185,219,221
262,261,263,306,307,308,219,220,221
185,222,150,151,152,186,220,221,184
221,262,263,264,184,185,186,220,222
263,262,264,307,308,309,220,221,222
186,185,151,152,153,187,221,222,223
222,263,264,265,185,186,187,221,223
264,263,265,308,309,310,221,222,223
187,224,186,152,153,154,188,222,223
223,224,264,265,266,186,187,188,222
265,224,264,266,309,310,311,222,223
188,224,225,187,153,154,155,189,223
224,225,265,266,267,187,188,189,223
266,224,225,265,267,310,311,312,223
189,224,225,226,156,154,155,188,190
225,224,226,266,267,268,188,189,190
267,224,225,226,266,268,311,312,313
156,189,155,124,157,190,191
190,225,226,227,189,155,156,157,191
226,225,227,267,268,269,189,190,191
268,225,226,227,267,269,312,313,314
157,192,158,156,190,191
191,192,226,227,228,158,156,157,190
227,192,226,228,268,269,270,190,191
269,226,227,228,268,270,313,314,315
192,227,228,229,157,158,191
228,192,227,229,269,270,271,191
270,227,228,229,269,271,314,315,316
158,192,157,191
229,192,228,230,270,271,272
271,228,229,230,270,272,315,316,317
230,229,231,271,272,273
272,229,230,231,271,273,316,317
231,272,273,230
273,272,317,230,231
307,261,262,263,306,308,349,350,351
350,388,389,390,306,307,308,349,351
389,388,390,430,431,432,349,350,351
431,388,389,390,430,432,477,478,479
308,352,262,263,264,307,309,350,351
351,352,389,390,391,307,308,309,350
390,352,389,391,431,432,433,350,351
432,480,389,390,391,431,433,478,479
309,352,353,263,264,265,308,310,351
352,353,390,391,392,308,309,310,351
391,352,353,390,392,432,433,434,351
433,480,481,390,391,392,432,434,479
310,352,353,354,264,265,266,309,311
353,352,354,391,392,393,309,310,311
392,352,353,354,391,393,433,434,435
434,480,481,482,391,392,393,433,435
311,353,354,355,265,266,267,310,312
354,353,355,392,393,394,310,311,312
393,353,354,355,392,394,434,435,436
435,481,482,483,392,393,394,434,436
312,354,355,356,266,267,268,311,313
355,354,356,393,394,395,311,312,313
394,354,355,356,393,395,435,436,437
436,482,483,484,393,394,395,435,437
478,430,431,432,529,530,531,477,479
530,579,580,581,529,531,477,478,479
580,579,581,529,530,531,628,629,630
479,480,431,432,433,530,531,532,478
531,480,580,581,582,530,532,478,479
581,580,582,530,531,532,629,630,631
480,481,432,433,434,531,532,533,479
532,480,481,581,582,583,531,533,479
582,581,583,531,532,533,630,631,632
481,480,482,433,434,435,532,533,534
533,480,481,482,582,583,584,532,534
583,582,584,532,533,534,631,632,633
482,481,483,434,435,436,533,534,535
534,481,482,483,583,584,585,533,535
584,583,585,533,534,535,632,633,634
483,482,484,435,436,437,534,535,536
535,482,483,484,584,585,586,534,536
585,584,586,534,535,536,633,634,635
313,355,356,267,268,269,312,314
356,355,394,395,312,313,314
395,355,356,394,436,437,438
437,483,484,485,394,395,436,438
314,356,268,269,270,313,315
438,484,485,486,395,437
315,269,270,271,314,316
316,270,271,272,315,317
317,272,273,316,271
484,483,485,436,437,438,535,536,537
536,483,484,485,585,586,587,535,537
586,585,587,535,536,537,634,635,636
485,484,486,437,438,536,537,538
537,484,485,486,586,587,588,536,538
587,586,588,536,537,538,635,636,637
486,537,538,485,438
538,485,486,587,588,589,537
588,587,589,537,538,636,637,638
589,588,590,538,539,637,638,639
539,589,590,591
590,640,589,591,539,638,639
591,640,641,590,592,539,540,639
617,616,618,567,568,569,667,668,669
668,616,617,618,721,722,723,667,669
722,779,780,781,721,723,667,668,669
780,839,840,841,779,781,721,722,723
669,617,618,619,722,723,724,668,670
618,617,619,568,569,570,668,669,670
723,780,781,782,722,724,668,669,670
781,840,841,842,780,782,722,723,724
619,618,620,569,570,571,669,670,671
670,618,619,620,723,724,725,669,671
724,781,782,783,723,725,669,670,671
782,841,842,843,781,783,723,724,725
620,672,619,621,570,571,572,670,671
671,672,619,620,621,724,725,726,670
725,672,782,783,784,724,726,670,671
783,842,843,844,782,784,724,725,726
621,672,673,620,622,571,572,573,671
672,673,620,621,622,725,726,727,671
726,672,673,783,784,785,725,727,671
784,843,844,845,783,785,725,726,727
622,672,673,674,621,623,572,573,574
673,672,674,621,622,623,726,727,728
727,672,673,674,784,785,786,726,728
785,844,845,846,784,786,726,727,728
840,902,839,903,841,904,779,780,781
903,902,839,840,841,904,967,968,969
968,902,967,904,969,903,1032,1033
841,903,840,904,842,905,780,781,782
904,903,840,841,842,905,968,969,970
969,903,904,905,970,968,1033
842,904,841,905,843,906,781,782,783
905,904,841,842,843,906,969,970,971
970,904,905,906,971,969,1034
843,905,842,906,844,907,782,783,784
906,905,842,843,844,907,970,971,972
971,905,906,907,972,970,1034,1035
844,906,843,907,845,908,783,784,785
907,906,843,908,844,845,971,972,973
972,906,907,908,973,971,1034,1035,1036
845,907,844,908,846,909,784,785,786
908,907,844,845,846,909,972,973,974
973,907,972,908,909,974,1035,1036,1037
623,673,674,675,622,624,573,574,575
674,673,675,622,623,624,727,728,729
728,673,674,675,785,786,787,727,729
786,845,846,847,785,787,727,728,729
624,576,674,675,676,623,625,574,575
675,674,676,623,624,625,728,729,730
729,674,675,676,786,787,788,728,730
787,846,847,848,786,788,728,729,730
625,576,577,675,676,677,624,626,575
676,675,677,624,625,626,729,730,731
730,675,676,677,787,788,789,729,731
788,847,848,849,787,789,729,730,731
626,576,577,578,676,677,678,625,627
677,676,678,625,626,627,730,731,732
731,676,677,678,788,789,790,730,732
789,848,849,850,788,790,730,731,732
627,577,578,579,677,678,679,626,628
678,677,679,626,627,628,731,732,733
732,677,678,679,789,790,791,731,733
790,849,850,851,789,791,731,732,733
628,578,579,580,678,679,680,627,629
679,678,680,627,628,629,732,733,734
733,678,679,680,790,791,792,732,734
791,850,851,852,790,792,732,733,734
846,908,845,909,847,910,785,786,787
909,908,845,910,846,847,973,974,975
974,908,973,909,910,975,1036,1037,1038
847,909,846,910,848,911,786,787,788
910,909,846,911,848,847,974,975,976
975,909,974,910,976,911,1037,1038,1039
848,910,847,911,849,912,787,788,789
911,910,847,848,849,912,975,976,977
976,910,975,912,977,911,1038,1039,1040
849,911,848,912,850,913,788,789,790
912,911,848,849,850,913,976,977,978
977,911,912,913,978,976,1039,1040,1041
850,912,849,913,851,914,789,790,791
913,912,849,850,851,914,977,978,979
978,912,913,914,979,977,1040,1041,1042
851,913,850,914,852,915,790,791,792
914,913,850,851,852,915,978,979,980
979,913,914,915,980,978,1041,1042,1043
1033,967,968,969,1097,1032,1098,1099
1098,1032,1033,1097,1099,1166,1167,1168
1167,1097,1098,1099,1166,1168,1237,1238,1239
1238,1166,1167,1168,1237,1239,1309
1099,1033,1098,1100,1167,1168,1169
1168,1098,1099,1100,1167,1169,1238,1239,1240
1239,1167,1168,1169,1238,1240,1309,1310
1100,1034,1099,1101,1168,1169,1170
1169,1099,1100,1101,1168,1170,1239,1240,1241
1240,1168,1169,1170,1239,1241,1309,1310,1311
1034,970,1035,971,972,1100,1101,1102
1101,1034,1035,1100,1102,1169,1170,1171
1170,1100,1101,1102,1169,1171,1240,1241,1242
1241,1312,1169,1170,1171,1240,1242,1310,1311
1035,1034,971,1036,972,973,1101,1102,1103
1102,1034,1035,1036,1101,1103,1170,1171,1172
1171,1101,1102,1103,1170,1172,1241,1242,1243
1242,1312,1313,1170,1171,1172,1241,1243,1311
1036,1035,972,1037,973,974,1102,1103,1104
1103,1035,1036,1037,1102,1104,1171,1172,1173
1172,1102,1103,1104,1171,1173,1242,1243,1244
1243,1312,1313,1314,1171,1172,1173,1242,1244
1309,1382,1238,1239,1240,1310
1310,1382,1383,1239,1240,1241,1309,1311
1382,1383,1309,1310,1311
1311,1312,1382,1383,1384,1240,1241,1242,1310
1383,1312,1382,1384,1456,1310,1311
1312,1313,1383,1384,1385,1241,1242,1243,1311
1384,1312,1313,1383,1385,1456,1457,1311
1456,1384,1385,1457,1383
1313,1312,1314,1384,1385,1386,1242,1243,1244
1385,1312,1313,1314,1384,1386,1456,1457
1457,1384,1385,1386,1456
1037,1036,973,1038,974,975,1103,1104,1105
1104,1036,1037,1038,1103,1105,1172,1173,1174
1173,1103,1104,1105,1172,1174,1243,1244,1245
1038,1037,974,1039,976,975,1104,1105,1106
1105,1037,1038,1039,1104,1106,1173,1174,1175
1174,1104,1105,1106,1173,1175,1244,1245,1246
1039,1038,975,976,977,1040,1105,1106,1107
1106,1038,1039,1040,1105,1107,1174,1175,1176
1175,1105,1106,1107,1174,1176,1245,1246,1247
1040,1039,976,977,978,1041,1106,1107,1108
1107,1039,1040,1041,1106,1108,1175,1176,1177
1176,1248,1106,1107,1108,1175,1177,1246,1247
1041,1040,977,978,979,1042,1107,1108,1109
1108,1040,1041,1042,1107,1109,1176,1177,1178
1177,1248,1249,1107,1108,1109,1176,1178,1247
1042,1041,978,1043,979,980,1108,1109,1110
1109,1041,1042,1043,1108,1110,1177,1178,1179
1178,1248,1249,1250,1108,1109,1110,1177,1179
1244,1313,1314,1315,1172,1173,1174,1243,1245
1314,1313,1315,1385,1386,1387,1243,1244,1245
1386,1313,1314,1315,1385,1387,1457
1245,1314,1315,1316,1173,1174,1175,1244,1246
1315,1314,1316,1386,1387,1244,1245,1246
1387,1314,1315,1316,1386
1246,1315,1316,1174,1175,1176,1245,1247
1316,1315,1387,1245,1246,1247
1247,1248,1316,1317,1175,1176,1177,1246
1248,1249,1317,1318,1176,1177,1178,1247
1317,1248,1249,1318,1388,1247
1249,1248,1250,1317,1318,1319,1177,1178,1179
1318,1248,1249,1250,1317,1319,1388,1389
1388,1389,1317,1318,1319
629,579,580,581,679,680,681,628,630
680,679,681,628,629,630,733,734,735
734,679,680,681,791,792,793,733,735
792,851,852,853,791,793,733,734,735
630,580,581,582,680,681,682,629,631
681,736,680,682,629,630,631,734,735
735,736,680,681,682,792,793,794,734
793,736,852,853,854,792,794,734,735
631,581,582,583,681,682,683,630,632
682,736,737,681,683,630,631,632,735
736,737,681,682,683,793,794,795,735
794,736,737,853,854,855,793,795,735
632,582,583,584,682,683,684,631,633
683,736,737,738,682,684,631,632,633
737,736,738,682,683,684,794,795,796
795,736,737,738,854,855,856,794,796
633,583,584,585,683,684,685,632,634
684,737,738,739,683,685,632,633,634
738,737,739,683,684,685,795,796,797
796,737,738,739,855,856,857,795,797
634,584,585,586,684,685,686,633,635
685,738,739,740,684,686,633,634,635
739,738,740,684,685,686,796,797,798
797,738,739,740,856,857,858,796,798
852,914,851,915,853,916,791,792,793
915,914,851,916,852,853,979,980,981
980,914,915,916,981,979,1042,1043,1044
1043,1042,979,1044,980,981,1109,1110,1111
853,915,852,916,854,917,792,793,794
916,915,852,853,854,917,980,981,982
981,915,980,916,917,982,1043,1044,1045
1044,1043,980,1045,981,982,1110,1111,1112
854,916,853,917,855,918,793,794,795
917,855,983,916,853,918,854,981,982
982,983,916,981,917,918,1044,1045,1046
1045,983,1044,981,1046,982,1111,1113,1112
855,919,917,854,918,856,794,795,796
918,855,983,984,917,854,919,856,982
983,919,1047,917,982,918,984,1045,1046
1046,983,1045,982,1047,984,1113,1114,1112
856,919,918,855,920,857,795,796,797
919,983,984,920,918,855,856,857,985
1047,1113,1046,983,984,985,1114,1115,1048
984,919,1047,918,983,920,985,1046,1048
857,920,919,856,921,858,796,797,798
920,986,921,984,919,856,857,858,985
1048,1114,1047,984,985,986,1115,1116,1049
985,919,1047,984,920,921,986,1049,1048
635,585,586,587,685,686,687,634,636
686,739,740,741,685,687,634,635,636
740,739,741,685,686,687,797,798,799
798,739,740,741,857,858,859,797,799
636,586,587,588,686,687,688,635,637
687,740,741,742,686,688,635,636,637
741,800,740,742,686,687,688,798,799
799,800,740,741,742,858,859,860,798
637,587,588,589,687,688,689,636,638
688,741,742,743,687,689,636,637,638
800,801,741,742,743,859,860,861,799
742,800,801,741,743,687,688,689,799
638,588,589,590,688,689,690,637,639
689,742,743,744,688,690,637,638,639
743,800,801,802,742,744,688,689,690
801,800,802,742,743,744,860,861,862
639,640,589,590,591,689,690,691,638
802,801,803,743,744,745,861,862,863
690,640,743,744,745,689,691,638,639
744,801,802,803,743,745,689,690,691
640,641,590,591,592,690,691,692,639
691,640,641,744,745,746,690,692,639
745,802,803,804,744,746,690,691,692
803,864,802,804,744,745,746,862,863
858,920,857,921,859,922,797,798,799
921,986,987,920,857,858,859,985,922
986,1050,920,921,922,987,985,1049,1048
1049,1050,1115,1048,985,986,987,1116,1117
859,800,922,921,858,923,860,798,799
922,986,923,987,988,921,858,859,860
987,986,1050,1051,921,922,923,988,1049
1050,987,1116,1049,986,1051,988,1117,1118
860,800,801,923,922,859,924,861,799
923,987,860,988,989,922,859,924,861
988,1050,987,1051,1052,922,923,924,989
1051,988,1117,1050,987,1052,989,1118,1119
861,800,801,802,924,923,860,925,862
924,988,925,989,990,923,860,861,862
989,1051,924,1052,1053,923,988,925,990
1052,1120,989,1118,1051,988,1053,990,1119
925,989,862,990,991,924,861,926,863
1053,1120,1121,990,1119,1052,989,1054,991
862,801,802,803,925,924,861,926,863
990,1052,925,1053,1054,924,989,926,991
863,864,802,803,804,926,925,862,927
926,864,992,990,863,991,925,862,927
991,992,1053,926,1054,1055,925,990,927
1054,992,1120,1121,1122,991,1053,990,1055
1110,1042,1043,1044,1109,1111,1178,1179,1180
1179,1249,1250,1251,1109,1110,1111,1178,1180
1250,1249,1251,1318,1319,1320,1178,1179,1180
1319,1249,1250,1251,1318,1320,1388,1389,1390
1111,1043,1044,1045,1110,1112,1179,1180,1181
1180,1250,1251,1252,1110,1111,1112,1179,1181
1251,1250,1252,1319,1320,1321,1179,1180,1181
1320,1250,1251,1252,1319,1321,1389,1390,1391
1112,1044,1045,1046,1111,1113,1180,1181,1182
1181,1251,1252,1253,1111,1112,1113,1180,1182
1252,1251,1253,1320,1321,1322,1180,1181,1182
1321,1251,1252,1253,1320,1322,1390,1391,1392
1113,1045,1046,1047,1112,1114,1181,1182,1183
1182,1252,1253,1254,1112,1113,1114,1181,1183
1253,1252,1254,1321,1322,1323,1181,1182,1183
1322,1252,1253,1254,1321,1323,1391,1392,1393
1114,1184,1046,1047,1048,1113,1115,1182,1183
1183,1184,1253,1254,1255,1113,1114,1115,1182
1254,1184,1253,1255,1322,1323,1324,1182,1183
1323,1253,1254,1255,1322,1324,1392,1393,1394
1115,1184,1185,1047,1048,1049,1114,1116,1183
1184,1185,1254,1255,1256,1114,1115,1116,1183
1255,1184,1185,1254,1256,1323,1324,1325,1183
1324,1254,1255,1256,1323,1325,1393,1394,1395
1389,1318,1319,1320,1388,1390
1390,1319,1320,1321,1389,1391,1458
1391,1320,1321,1322,1390,1392,1458,1459
1458,1392,1459,1390,1391
1392,1321,1322,1323,1391,1393,1458,1459,1460
1459,1391,1392,1393,1458,1460,1524
1393,1322,1323,1324,1392,1394,1459,1460,1461
1460,1392,1393,1394,1459,1524,1461,1525
1524,1525,1459,1460,1461
1394,1323,1324,1325,1393,1395,1460,1461,1462
1461,1393,1394,1395,1460,1524,1462,1525,1526
1525,1460,1461,1526,1462,1524
1116,1184,1185,1186,1048,1049,1050,1115,1117
1185,1184,1186,1255,1256,1257,1115,1116,1117
1256,1184,1185,1186,1255,1257,1324,1325,1326
1325,1255,1256,1257,1324,1326,1394,1395,1396
1117,1185,1186,1187,1049,1050,1051,1116,1118
1186,1185,1187,1256,1257,1258,1116,1117,1118
1257,1185,1186,1187,1256,1258,1325,1326,1327
1326,1256,1257,1258,1325,1327,1395,1396,1397
1118,1186,1187,1188,1050,1051,1052,1117,1119
1258,1186,1187,1188,1257,1259,1326,1327,1328
1327,1257,1258,1259,1326,1328,1396,1397,1398
1187,1186,1188,1257,1258,1259,1117,1118,1119
1119,1120,1187,1188,1189,1051,1052,1053,1118
1188,1120,1187,1189,1258,1259,1260,1118,1119
1259,1187,1188,1189,1258,1260,1327,1328,1329
1328,1258,1259,1260,1327,1329,1397,1398,1399
1260,1188,1189,1190,1259,1261,1328,1329,1330
1120,1121,1188,1189,1190,1052,1053,1054,1119
1189,1120,1121,1188,1190,1259,1260,1261,1119
1329,1259,1260,1261,1328,1330,1398,1399,1400
1121,1120,1122,1189,1190,1191,1053,1054,1055
1190,1120,1121,1122,1189,1191,1260,1261,1262
1261,1189,1190,1191,1260,1262,1329,1330,1331
1330,1260,1261,1262,1329,1331,1399,1400,1401
1395,1324,1325,1326,1394,1396,1461,1462,1463
1462,1527,1394,1395,1396,1461,1525,1463,1526
1526,1463,1525,1461,1527,1462
1396,1325,1326,1327,1395,1397,1462,1463,1464
1463,1527,1528,1395,1396,1397,1462,1526,1464
1527,1463,1528,1526,1462,1464
1464,1527,1396,1397,1398,1463,1528,1465
1528,1464,1465,1527,1463
1397,1326,1327,1328,1396,1398,1463,1464,1465
1398,1327,1328,1329,1397,1399,1464,1465,1466
1465,1528,1397,1398,1399,1464,1529,1466
1529,1465,1466,1467,1530
1399,1328,1329,1330,1398,1400,1465,1466,1467
1466,1529,1398,1399,1400,1465,1530,1467
1400,1329,1330,1331,1399,1401,1466,1467,1468
1467,1529,1530,1399,1400,1401,1466,1531,1468
1530,1531,1529,1466,1467,1468
274,232,275
232,193,233,274,275,276
275,232,233,274,276,318
193,232,233,234
233,193,232,234,275,276,277
276,232,233,234,275,277,318,319
318,357,275,276,277,319
234,193,233,276,277,278
277,320,233,234,276,278,318,319
319,320,357,358,276,277,278,318
357,320,358,396,397,398,318,319
278,320,321,234,277,319
320,321,357,358,359,277,278,319
358,320,321,357,359,397,398,399,319
487,488,540,541
540,487,488,591,592,593,541
592,640,641,642,591,593,540,541
488,487,489,540,541,542
541,487,488,489,592,593,594,540,542
593,641,642,643,592,594,540,541,542
489,488,490,439,541,542,543
542,488,489,490,593,594,595,541,543
594,642,643,644,593,595,541,542,543
396,440,357,397,439
439,489,490,491,396,397,440
490,544,489,491,439,440,542,543
543,544,489,490,491,594,595,542
595,544,643,644,594,542,543
397,357,358,396,398,439,440,441
440,490,491,396,397,398,492,439,441
491,544,490,492,439,440,441,543
544,490,491,492,595,543
398,357,358,359,397,399,440,441,442
441,491,492,397,398,399,493,440,442
492,544,491,493,440,441,442
321,320,358,278,359
359,320,321,358,398,399,400
399,358,359,398,400,441,442,443
442,492,493,398,399,400,494,441,443
400,359,399,401,442,443,444
443,493,494,399,400,401,495,442,444
401,400,443,444,445
444,494,495,400,401,496,443,445
445,495,496,401,497,444,446
446,496,497,498,445,447
447,497,498,446
493,492,494,441,442,443
494,493,495,442,443,444
495,545,494,496,443,444,445
496,545,546,495,497,444,445,446
545,496,497,546,495
497,545,546,547,496,498,445,446,447
546,545,547,496,497,498,596
498,546,547,497,446,447
547,497,498,546,596
596,546,547
641,640,642,591,592,593,691,692,693
692,640,641,642,745,746,747,691,693
746,803,804,805,745,747,691,692,693
804,864,865,803,805,745,746,747,863
864,928,865,803,804,805,927,926,863
642,641,643,592,593,594,692,693,694
693,641,642,643,746,747,748,692,694
805,864,865,866,804,806,746,747,748
865,864,928,866,929,804,805,806,927
747,804,805,806,746,748,692,693,694
643,642,644,593,594,595,693,694,695
694,642,643,644,747,748,749,693,695
748,805,806,807,747,749,693,694,695
806,865,866,867,805,807,747,748,749
866,928,865,929,867,930,805,806,807
644,643,594,595,694,695
695,643,644,748,749,750,694
749,806,807,808,748,750,694,695
807,866,867,868,806,808,748,749,750
867,929,866,930,868,931,806,807,808
750,807,808,809,749,751,695
808,867,868,869,807,809,749,750,751
868,930,867,931,869,932,807,808,809
751,808,809,750
809,868,869,870,808,750,751
869,931,868,932,870,933,808,809
927,864,865,928,992,993,991,926,863
992,928,993,1056,1054,927,1055,926,991
1055,992,993,1056,1121,1122,1123,1054,991
1122,1056,1121,1123,1190,1191,1192,1054,1055
1191,1121,1122,1123,1190,1192,1261,1262,1263
928,864,865,866,929,992,993,994,927
1056,992,993,994,1057,1122,1123,1124,1055
1123,1056,1057,1122,1124,1191,1192,1193,1055
993,928,929,994,992,1056,1057,1055,927
1192,1122,1123,1124,1191,1193,1262,1263,1264
929,928,865,866,867,930,993,994,995
994,928,929,930,995,993,1056,1057,1058
1057,1056,993,994,995,1058,1123,1124,1125
1124,1056,1057,1058,1123,1125,1192,1193,1194
1193,1123,1124,1125,1192,1194,1263,1264,1265
930,929,866,867,868,931,994,995,996
995,929,994,930,931,996,1057,1058,1059
1058,1057,994,995,996,1059,1124,1125,1126
1125,1057,1058,1059,1124,1126,1193,1194,1195
1194,1124,1125,1126,1193,1195,1264,1265,1266
931,930,867,932,868,869,995,996,997
996,930,931,932,997,995,1058,1059,1060
1059,1058,995,996,997,1060,1125,1126,1127
1126,1058,1059,1060,1125,1127,1194,1195,1196
1195,1125,1126,1127,1194,1196,1265,1266,1267
932,931,868,869,870,933,996,997,998
997,931,996,932,933,998,1059,1060,1061
1060,1059,996,1061,997,998,1126,1127,1128
1127,1059,1060,1061,1126,1128,1195,1196,1197
1196,1126,1127,1128,1195,1197,1266,1267,1268
870,932,933,869,871,934,809
933,932,869,934,870,871,997,998,999
998,932,997,933,934,999,1060,1061,1062
871,933,934,870,872,935
934,933,870,935,872,871,998,999,1000
999,933,998,934,1000,935,1061,1062,1063
872,934,935,936,873,871
935,934,871,872,873,936,999,1000,1001
1000,934,999,936,1001,935,1062,1063,1064
873,935,872,937,874,936
936,935,872,873,874,937,1000,1001,1002
1001,935,936,937,1002,1000,1063,1064,1065
874,936,873,938,875,937
937,936,873,874,875,938,1001,1002,1003
1002,936,937,938,1003,1001,1064,1065,1066
875,937,938,874,939,876
938,937,874,875,876,939,1002,1003,1004
1003,937,1002,938,939,1004,1065,1066,1067
1061,1060,997,1062,998,999,1127,1128,1129
1128,1060,1061,1062,1127,1129,1196,1197,1198
1197,1127,1128,1129,1196,1198,1267,1268,1269
1062,1061,998,1063,1000,999,1128,1129,1130
1129,1061,1062,1063,1128,1130,1197,1198,1199
1198,1128,1129,1130,1197,1199,1268,1269,1270
1063,1062,999,1000,1001,1064,1129,1130,1131
1130,1062,1063,1064,1129,1131,1198,1199,1200
1199,1129,1130,1131,1198,1200,1269,1270,1271
1064,1063,1000,1001,1002,1065,1130,1131,1132
1131,1063,1064,1065,1130,1132,1199,1200,1201
1200,1130,1131,1132,1199,1201,1270,1271,1272
1065,1064,1001,1002,1003,1066,1131,1132,1133
1132,1064,1065,1066,1131,1133,1200,1201,1202
1201,1131,1132,1133,1200,1202,1271,1272,1273
1066,1065,1002,1003,1004,1067,1132,1133,1134
1133,1065,1066,1067,1132,1134,1201,1202,1203
1202,1132,1133,1134,1201,1203,1272,1273,1274
876,938,875,940,939
939,938,875,940,876,1003,1004,1005
1004,938,939,940,1005,1003,1066,1067,1068
940,939,1004,1005,876,941,1006
1005,939,1004,940,941,1006,1067,1068,1069
941,940,1005,942,1007,1006
1006,940,1005,941,942,1007,1068,1069,1070
942,877,1006,943,1007,941,1008
1007,941,1006,942,1008,943,1069,1070,1071
877,944,942,878,943
943,877,942,878,944,1007,1008,1009
1008,942,1007,944,1009,943,1070,1071,1072
878,810,877,943,944,879
944,877,878,943,1008,879,1009
1009,1071,944,1008,1072,943,1073
1067,1066,1003,1004,1005,1068,1133,1134,1135
1134,1066,1067,1068,1133,1135,1202,1203,1204
1203,1133,1134,1135,1202,1204,1273,1274,1275
1204,1134,1135,1136,1203,1205,1274,1275,1276
1068,1067,1004,1069,1005,1006,1134,1135,1136
1135,1067,1068,1069,1134,1136,1203,1204,1205
1069,1068,1005,1070,1006,1007,1135,1136,1137
1136,1068,1069,1070,1135,1137,1204,1205,1206
1205,1135,1136,1137,1204,1206,1275,1276,1277
1070,1069,1006,1071,1008,1007,1136,1137,1138
1137,1069,1070,1071,1136,1138,1205,1206,1207
1206,1136,1137,1138,1205,1207,1276,1277,1278
1071,1070,1007,1008,1009,1072,1137,1138,1139
1138,1070,1071,1072,1137,1139,1206,1207,1208
1207,1137,1138,1139,1206,1208,1277,1278,1279
1072,1071,1008,1009,1138,1073,1139,1140
1139,1071,1072,1073,1138,1140,1207,1208,1209
1208,1280,1138,1139,1140,1207,1209,1278,1279
810,752,811,878,879
879,944,810,811,878
752,753,810,811,812
811,810,812,879,752,753
753,811,812,813,752,754,696
812,811,813,752,753,754
696,645,753,754,755,697
754,812,813,814,753,755,696,697
813,812,814,753,754,755
697,645,646,754,755,756,696,698
755,813,814,815,754,756,696,697,698
645,696,697,698,646
814,813,815,754,755,756
1073,1072,1009,1074,1139,1140,1141
1140,1072,1073,1074,1139,1141,1208,1209,1210
1209,1280,1281,1139,1140,1141,1208,1210,1279
1074,1073,1140,1141,1142
1141,1073,1074,1140,1142,1209,1210,1211
1210,1280,1281,1282,1140,1141,1142,1209,1211
1142,1074,1141,1143,1210,1211,1212
1211,1281,1282,1283,1141,1142,1143,1210,1212
1143,1211,1212,1213,1142
1212,1282,1283,1284,1142,1143,1211,1213
1213,1283,1284,1285,1143,1212,1214
1262,1190,1191,1192,1261,1263,1330,1331,1332
1331,1261,1262,1263,1330,1332,1400,1401,1402
1401,1330,1331,1332,1400,1402,1467,1468,1469
1468,1530,1531,1400,1401,1402,1467,1532,1469
1263,1191,1192,1193,1262,1264,1331,1332,1333
1332,1262,1263,1264,1331,1333,1401,1402,1403
1469,1532,1531,1401,1402,1403,1468,1533,1470
1402,1331,1332,1333,1401,1403,1468,1469,1470
1264,1192,1193,1194,1263,1265,1332,1333,1334
1333,1263,1264,1265,1332,1334,1402,1403,1404
1403,1332,1333,1334,1402,1404,1469,1470,1471
1470,1533,1532,1402,1403,1404,1469,1534,1471
1265,1193,1194,1195,1264,1266,1333,1334,1335
1334,1264,1265,1266,1333,1335,1403,1404,1405
1404,1472,1333,1334,1335,1403,1405,1470,1471
1471,1472,1533,1534,1403,1404,1405,1470,1535
1266,1194,1195,1196,1265,1267,1334,1335,1336
1335,1265,1266,1267,1334,1336,1404,1405,1406
1405,1472,1473,1334,1335,1336,1404,1406,1471
1472,1536,1473,1534,1535,1404,1405,1406,1471
1267,1195,1196,1197,1266,1268,1335,1336,1337
1336,1266,1267,1268,1335,1337,1405,1406,1407
1406,1472,1473,1474,1335,1336,1337,1405,1407
1473,1472,1536,1474,1537,1535,1405,1406,1407
1531,1532,1587,1530,1467,1468,1469
1532,1587,1588,1531,1468,1533,1470,1469
1587,1641,1588,1531,1532,1533
1533,1470,1587,1588,1589,1532,1469,1534,1471
1588,1641,1642,1587,1589,1532,1533,1534
1641,1642,1587,1588,1589
1534,1472,1471,1588,1589,1590,1533,1470,1535
1589,1641,1642,1643,1588,1590,1533,1534,1535
1642,1641,1643,1588,1589,1590
1535,1472,1473,1536,1589,1590,1591,1534,1471
1590,1536,1642,1643,1644,1589,1591,1534,1535
1643,1642,1644,1589,1590,1591
1536,1472,1473,1474,1537,1590,1591,1592,1535
1591,1536,1537,1643,1644,1645,1590,1592,1535
1644,1643,1645,1590,1591,1592,1695
1268,1196,1197,1198,1267,1269,1336,1337,1338
1337,1408,1267,1268,1269,1336,1338,1406,1407
1407,1408,1473,1474,1475,1336,1337,1338,1406
1474,1408,1473,1536,1475,1537,1538,1406,1407
1537,1536,1473,1474,1475,1538,1591,1592,1593
1269,1197,1198,1199,1268,1270,1337,1338,1339
1338,1408,1409,1268,1269,1270,1337,1339,1407
1408,1409,1474,1475,1476,1337,1338,1339,1407
1475,1408,1409,1474,1537,1476,1538,1539,1407
1538,1537,1474,1539,1475,1476,1592,1593,1594
1270,1198,1199,1200,1269,1271,1338,1339,1340
1339,1408,1409,1410,1269,1270,1271,1338,1340
1409,1408,1410,1475,1476,1477,1338,1339,1340
1476,1408,1409,1410,1475,1538,1477,1539,1540
1539,1538,1475,1540,1476,1477,1593,1594,1595
1271,1199,1200,1201,1270,1272,1339,1340,1341
1340,1409,1410,1411,1270,1271,1272,1339,1341
1410,1409,1411,1476,1477,1478,1339,1340,1341
1477,1409,1410,1411,1476,1539,1478,1540,1541
1540,1539,1476,1541,1477,1478,1594,1595,1596
1272,1200,1201,1202,1271,1273,1340,1341,1342
1341,1410,1411,1412,1271,1272,1273,1340,1342
1411,1410,1412,1477,1478,1479,1340,1341,1342
1478,1410,1411,1412,1477,1540,1479,1541,1542
1541,1540,1477,1542,1478,1479,1595,1596,1597
1273,1201,1202,1203,1272,1274,1341,1342,1343
1342,1411,1412,1413,1272,1273,1274,1341,1343
1412,1411,1413,1478,1479,1480,1341,1342,1343
1479,1411,1412,1413,1478,1541,1480,1542,1543
1542,1541,1478,1543,1480,1479,1596,1597,1598
1592,1536,1537,1538,1644,1645,1646,1591,1593
1645,1696,1644,1646,1591,1592,1593,1695
1695,1696,1740,1644,1645,1646,1741
1740,1696,1741,1695
1593,1537,1538,1539,1645,1646,1647,1592,1594
1646,1696,1697,1645,1647,1592,1593,1594,1695
1696,1697,1740,1645,1646,1647,1741,1742,1695
1741,1696,1697,1740,1742,1777,1695
1594,1538,1539,1540,1646,1647,1648,1593,1595
1647,1696,1697,1698,1646,1648,1593,1594,1595
1697,1696,1698,1741,1646,1647,1648,1742,1743
1742,1696,1697,1698,1741,1743,1777,1778
1777,1741,1742,1807,1743,1808,1778
1595,1539,1540,1541,1647,1648,1649,1594,1596
1648,1697,1698,1699,1647,1649,1594,1595,1596
1698,1697,1699,1742,1647,1648,1649,1743,1744
1743,1697,1698,1699,1742,1744,1777,1778,1779
1778,1742,1743,1744,1777,1807,1779,1808,1809
1596,1540,1541,1542,1648,1649,1650,1595,1597
1649,1698,1699,1700,1648,1650,1595,1596,1597
1699,1698,1700,1743,1648,1649,1650,1744,1745
1744,1698,1699,1700,1743,1745,1778,1779,1780
1779,1743,1744,1745,1778,1808,1780,1809,1810
1597,1541,1542,1543,1649,1650,1651,1596,1598
1650,1699,1700,1701,1649,1651,1596,1597,1598
1700,1699,1701,1744,1649,1650,1651,1745,1746
1745,1699,1700,1701,1744,1746,1779,1780,1781
1780,1744,1745,1746,1779,1809,1781,1810,1811
1855,1832,1880,1856,1879
1879,1856,1905,1906,1880,1855
1905,1880,1906,1879
1832,1856,1857,1833,1807,1855
1856,1857,1832,1833,1879,1880,1881,1855
1880,1856,1857,1905,1906,1879,1881,1855
1906,1880,1881,1905,1879
1807,1832,1833,1834,1808,1777,1778
1833,1856,1857,1858,1832,1834,1807,1808
1857,1856,1858,1832,1833,1834,1880,1881,1882
1881,1856,1857,1858,1906,1907,1880,1882
1808,1833,1834,1835,1807,1777,1778,1779,1809
1834,1857,1858,1859,1833,1835,1807,1808,1809
1858,1857,1859,1833,1834,1835,1881,1882,1883
1882,1857,1858,1859,1907,1908,1881,1883
1907,1929,1930,1908,1881,1882,1883
1809,1834,1835,1836,1808,1810,1778,1779,1780
1835,1858,1859,1860,1834,1836,1808,1809,1810
1859,1858,1860,1834,1835,1836,1882,1883,1884
1883,1858,1859,1860,1907,1908,1909,1882,1884
1908,1929,1930,1931,1907,1909,1882,1883,1884
1810,1835,1836,1837,1809,1811,1779,1780,1781
1836,1859,1860,1861,1835,1837,1809,1810,1811
1860,1859,1861,1835,1836,1837,1883,1884
1884,1859,1860,1861,1908,1909,1910,1883
1909,1930,1931,1932,1908,1910,1883,1884
1929,1930,1907,1908,1948,1949
1948,1929,1930,1965,1966,1949
1965,1948,1966,1979,1980,1949
1979,1992,1980,1965,1966
1930,1929,1931,1907,1908,1909,1948,1949,1950
1949,1929,1930,1931,1965,1966,1967,1948,1950
1966,1980,1965,1967,1981,1979,1948,1949,1950
1980,1992,1965,1966,1967,1979,1981
1992,1979,1980,1981
1931,1930,1932,1908,1909,1910,1949,1950,1951
1950,1930,1931,1932,1966,1967,1968,1949,1951
1967,1966,1981,1968,1980,1949,1950,1951
1981,1992,1966,1967,1968,1980
1274,1344,1202,1203,1204,1273,1275,1342,1343
1343,1344,1412,1413,1414,1273,1274,1275,1342
1413,1344,1412,1414,1479,1480,1481,1342,1343
1480,1412,1413,1414,1479,1542,1481,1543,1544
1414,1344,1345,1413,1415,1480,1481,1482,1343
1275,1344,1345,1203,1204,1205,1274,1276,1343
1344,1345,1413,1414,1415,1274,1275,1276,1343
1481,1413,1414,1415,1480,1543,1482,1544,1545
1276,1344,1345,1346,1204,1205,1206,1275,1277
1345,1344,1346,1414,1415,1416,1275,1276,1277
1415,1344,1345,1346,1414,1416,1481,1482,1483
1482,1414,1415,1416,1481,1544,1483,1545,1546
1277,1345,1346,1347,1205,1206,1207,1276,1278
1346,1345,1347,1415,1416,1417,1276,1277,1278
1416,1345,1346,1347,1415,1417,1482,1483,1484
1483,1415,1416,1417,1482,1545,1484,1546,1547
1278,1346,1347,1348,1206,1207,1208,1277,1279
1347,1346,1348,1416,1417,1418,1277,1278,1279
1417,1346,1347,1348,1416,1418,1483,1484,1485
1484,1416,1417,1418,1483,1546,1485,1547,1548
1279,1280,1347,1348,1349,1207,1208,1209,1278
1348,1280,1347,1349,1417,1418,1419,1278,1279
1418,1347,1348,1349,1417,1419,1484,1485,1486
1485,1417,1418,1419,1484,1547,1486,1548,1549
1543,1542,1479,1480,1481,1544,1597,1598,1599
1598,1542,1543,1544,1650,1651,1652,1597,1599
1651,1700,1701,1702,1650,1652,1597,1598,1599
1701,1700,1702,1745,1650,1651,1652,1746,1747
1746,1700,1701,1702,1745,1747,1780,1781,1782
1544,1600,1543,1480,1481,1482,1545,1598,1599
1599,1600,1543,1544,1545,1651,1652,1653,1598
1652,1600,1701,1702,1703,1651,1653,1598,1599
1702,1701,1703,1746,1651,1652,1653,1747,1748
1747,1701,1702,1703,1746,1748,1781,1782,1783
1545,1600,1601,1544,1481,1482,1483,1546,1599
1600,1601,1544,1545,1546,1652,1653,1654,1599
1653,1600,1601,1702,1703,1704,1652,1654,1599
1703,1702,1704,1747,1652,1653,1654,1748,1749
1748,1702,1703,1704,1747,1749,1782,1783,1784
1546,1600,1601,1602,1545,1482,1547,1483,1484
1601,1600,1602,1545,1546,1547,1653,1654,1655
1654,1600,1601,1602,1703,1704,1705,1653,1655
1704,1703,1705,1748,1653,1654,1655,1749,1750
1749,1703,1704,1705,1748,1750,1783,1784,1785
1547,1601,1602,1603,1546,1483,1548,1484,1485
1602,1601,1603,1546,1547,1548,1654,1655,1656
1655,1601,1602,1603,1704,1705,1706,1654,1656
1705,1704,1706,1751,1749,1654,1655,1656,1750
1750,1704,1705,1706,1749,1751,1784,1785,1786
1548,1602,1603,1604,1547,1484,1549,1485,1486
1603,1602,1604,1547,1548,1549,1655,1656,1657
1656,1602,1603,1604,1705,1706,1707,1655,1657
1706,1705,1751,1707,1752,1750,1655,1656,1657
1751,1705,1706,1707,1750,1752,1785,1786,1787
1280,1281,1348,1349,1350,1208,1209,1210,1279
1349,1280,1281,1348,1350,1418,1419,1420,1279
1419,1348,1349,1350,1418,1420,1485,1486,1487
1486,1418,1419,1420,1485,1548,1487,1549,1550
1281,1280,1282,1349,1350,1351,1209,1210,1211
1350,1280,1281,1282,1349,1351,1419,1420,1421
1420,1349,1350,1351,1419,1421,1486,1487,1488
1487,1419,1420,1421,1486,1549,1488,1550,1551
1282,1281,1283,1350,1351,1352,1210,1211,1212
1351,1281,1282,1283,1350,1352,1420,1421,1422
1421,1350,1351,1352,1420,1422,1487,1488,1489
1488,1420,1421,1422,1487,1550,1489,1551,1552
1283,1282,1284,1351,1352,1353,1211,1212,1213
1352,1282,1283,1284,1351,1353,1421,1422,1423
1422,1351,1352,1353,1421,1423,1488,1489,1490
1489,1421,1422,1423,1488,1551,1490,1552,1553
1353,1283,1284,1285,1352,1422,1423,1424
1423,1352,1353,1422,1424,1489,1490,1491
1490,1422,1423,1424,1489,1552,1491,1553,1554
1284,1283,1285,1352,1353,1212,1213,1214
1549,1603,1604,1605,1548,1485,1550,1486,1487
1604,1603,1605,1548,1549,1550,1656,1657,1658
1657,1603,1604,1605,1706,1707,1708,1656,1658
1707,1706,1708,1752,1753,1751,1656,1657,1658
1752,1706,1707,1708,1751,1753,1786,1787,1788
1550,1604,1605,1606,1549,1486,1551,1488,1487
1605,1604,1606,1549,1550,1551,1657,1658,1659
1658,1604,1605,1606,1707,1708,1709,1657,1659
1708,1707,1709,1753,1752,1657,1658,1659,1754
1753,1707,1708,1709,1752,1754,1787,1788,1789
1551,1605,1606,1607,1550,1487,1488,1489,1552
1606,1605,1607,1550,1551,1552,1658,1659,1660
1659,1605,1606,1607,1708,1709,1710,1658,1660
1709,1708,1710,1753,1658,1659,1660,1755,1754
1754,1708,1709,1710,1753,1755,1788,1789,1790
1607,1606,1608,1551,1552,1553,1659,1660,1661
1552,1606,1607,1608,1551,1488,1489,1490,1553
1660,1606,1607,1608,1709,1710,1711,1659,1661
1710,1756,1709,1711,1754,1659,1660,1661,1755
1755,1709,1710,1711,1754,1756,1789,1790,1791
1608,1607,1609,1552,1553,1554,1660,1661,1662
1756,1792,1710,1711,1712,1755,1757,1790,1791
1553,1607,1608,1609,1552,1489,1490,1491,1554
1661,1607,1608,1609,1710,1711,1712,1660,1662
1711,1756,1757,1710,1712,1755,1660,1661,1662
1781,1745,1746,1747,1780,1810,1782,1811
1811,1836,1837,1810,1780,1781,1782
1837,1860,1861,1836,1810,1811
1861,1860,1836,1837,1884,1885
1782,1746,1747,1748,1781,1811,1783
1783,1747,1748,1749,1782,1784
1784,1748,1749,1750,1783,1812,1785
1785,1812,1749,1750,1751,1784,1813,1786
1812,1838,1839,1813,1784,1785,1786
1838,1862,1863,1839,1812,1813
1862,1888,1889,1863,1838,1839,1887
1786,1812,1813,1750,1751,1752,1785,1814,1787
1813,1838,1839,1840,1812,1814,1785,1786,1787
1839,1862,1863,1864,1838,1840,1812,1813,1814
1863,1888,1889,1890,1862,1864,1838,1839,1840
1910,1931,1932,1933,1909,1911,1884,1885
1932,1952,1931,1933,1909,1910,1911,1950,1951
1951,1952,1931,1932,1933,1967,1968,1950
1968,1952,1967,1981,1950,1951
1952,1953,1932,1933,1934,1968,1951
1885,1861,1910,1911,1912,1886
1911,1932,1933,1934,1910,1912,1885,1886
1933,1952,1953,1932,1934,1910,1911,1912,1951
1886,1911,1912,1913,1885,1887
1912,1933,1934,1935,1911,1913,1885,1886,1887
1934,1952,1953,1933,1935,1911,1912,1913
1953,1952,1933,1934,1935
1887,1888,1862,1912,1913,1914,1886
1913,1888,1934,1935,1912,1914,1886,1887
1935,1953,1934,1912,1913,1914
1888,1889,1862,1863,1913,1914,1887
1914,1888,1889,1935,1913,1887
1889,1888,1890,1862,1863,1864,1914,1915
1787,1815,1813,1814,1751,1752,1753,1786,1788
1814,1839,1840,1841,1813,1815,1786,1787,1788
1840,1863,1864,1865,1839,1841,1813,1814,1815
1864,1889,1890,1891,1863,1865,1839,1840,1841
1788,1816,1814,1815,1752,1753,1754,1787,1789
1815,1840,1841,1842,1814,1816,1787,1788,1789
1841,1864,1865,1866,1840,1842,1814,1815,1816
1865,1890,1891,1892,1864,1866,1840,1841,1842
1789,1817,1815,1816,1753,1754,1755,1788,1790
1816,1841,1842,1843,1815,1817,1788,1789,1790
1842,1865,1866,1867,1841,1843,1815,1816,1817
1866,1891,1892,1893,1865,1867,1841,1842,1843
1867,1892,1893,1894,1866,1868,1842,1843,1844
1790,1818,1816,1817,1754,1755,1756,1789,1791
1817,1842,1843,1844,1816,1818,1789,1790,1791
1843,1866,1867,1868,1842,1844,1816,1817,1818
1791,1792,1819,1817,1818,1755,1756,1757,1790
1818,1792,1843,1844,1845,1817,1819,1790,1791
1868,1893,1894,1895,1867,1869,1843,1844,1845
1844,1867,1868,1869,1843,1845,1817,1818,1819
1890,1889,1891,1863,1864,1865,1915,1916
1915,1889,1890,1891,1936,1916
1891,1890,1892,1864,1865,1866,1915,1916,1917
1916,1890,1891,1892,1936,1937,1915,1917
1936,1954,1955,1937,1915,1916,1917
1954,1936,1937,1955
1892,1891,1893,1865,1866,1867,1916,1917,1918
1917,1891,1892,1893,1936,1937,1938,1916,1918
1937,1954,1955,1956,1936,1938,1916,1917,1918
1955,1954,1956,1936,1937,1938
1893,1892,1894,1866,1867,1868,1917,1918,1919
1918,1892,1893,1894,1937,1938,1939,1917,1919
1938,1955,1956,1937,1939,1917,1918,1919
1956,1937,1938,1939,1955
1939,1920,1956,1938,1940,1918,1919
1894,1920,1893,1895,1867,1868,1869,1918,1919
1919,1920,1893,1894,1895,1938,1939,1940,1918
646,697,698,699,645
698,645,646,755,756,757,697,699
756,814,815,816,755,757,697,698,699
815,814,816,755,756,757
699,698,756,757,646
757,815,816,756,698,699
816,756,757,815
1214,1285,1284,1213
1285,1353,1284,1213,1214
1424,1353,1423,1425,1490,1491,1492
1425,1424,1426,1491,1492,1493
1426,1425,1427,1492,1493,1494
1427,1426,1428,1493,1494,1495
1491,1423,1424,1425,1490,1553,1492,1554,1555
1554,1608,1609,1610,1553,1490,1555,1491,1492
1609,1608,1610,1553,1554,1555,1661,1662,1663
1662,1608,1609,1610,1711,1712,1713,1661,1663
1492,1424,1425,1426,1491,1554,1493,1555,1556
1555,1609,1610,1611,1554,1491,1556,1492,1493
1610,1664,1609,1611,1554,1555,1556,1662,1663
1663,1664,1609,1610,1611,1712,1713,1714,1662
1493,1425,1426,1427,1492,1555,1494,1556,1557
1556,1610,1611,1612,1555,1492,1557,1493,1494
1611,1664,1665,1610,1612,1555,1556,1557,1663
1664,1665,1610,1611,1612,1713,1714,1715,1663
1494,1426,1427,1428,1493,1556,1495,1557,1558
1557,1495,1611,1612,1613,1556,1493,1558,1494
1612,1664,1665,1666,1611,1613,1556,1557,1558
1665,1664,1666,1611,1612,1613,1714,1715,1716
1428,1496,1427,1494,1495
1495,1559,1427,1428,1557,1494,1558,1496
1496,1495,1428,1558,1559,1560,1497
1497,1560,1559,1496,1561,1498
1498,1561,1429,1560,1497,1562,1499
1354,1355,1429,1430
1429,1354,1355,1430,1498,1499,1500
1499,1562,1429,1430,1561,1498,1563,1500
1558,1495,1612,1613,1614,1557,1494,1559,1496
1613,1665,1666,1667,1612,1614,1557,1558,1559
1666,1665,1667,1612,1613,1614,1715,1716,1717
1559,1560,1613,1614,1615,1558,1495,1496,1497
1614,1666,1667,1668,1613,1615,1558,1559,1560
1667,1666,1668,1613,1614,1615,1716,1717,1718
1560,1561,1614,1615,1616,1559,1496,1497,1498
1615,1667,1668,1669,1614,1616,1559,1560,1561
1668,1667,1669,1614,1615,1616,1717,1718,1719
1616,1668,1669,1670,1615,1617,1560,1561,1562
1561,1615,1616,1617,1562,1560,1497,1498,1499
1669,1668,1670,1615,1616,1617,1718,1719,1720
1562,1616,1617,1618,1499,1561,1498,1563,1500
1617,1669,1670,1671,1616,1618,1561,1562,1563
1670,1669,1671,1616,1617,1618,1719,1720,1721
1355,1354,1356,1429,1430,1431
1430,1354,1355,1356,1429,1431,1499,1500,1501
1500,1429,1430,1431,1563,1562,1499,1564,1501
1356,1355,1357,1430,1431,1432
1431,1355,1356,1357,1430,1432,1500,1501,1502
1501,1565,1430,1431,1432,1563,1500,1564,1502
1357,1286,1356,1358,1431,1432,1433
1432,1356,1357,1358,1431,1433,1501,1502,1503
1502,1565,1431,1432,1433,1564,1501,1503
1286,1359,1357,1358,1287
1433,1357,1358,1359,1432,1434,1502,1503
1358,1286,1287,1357,1359,1432,1433,1434
1503,1432,1433,1434,1565,1502
1618,1670,1671,1672,1617,1619,1562,1563,1564
1563,1500,1617,1618,1619,1562,1499,1564,1501
1671,1670,1672,1617,1618,1619,1720,1721,1722
1564,1501,1618,1619,1620,1563,1500,1565,1502
1619,1671,1672,1673,1618,1620,1563,1564,1565
1672,1671,1673,1618,1619,1620,1721,1722,1723
1565,1619,1620,1621,1564,1501,1502,1503
1673,1672,1674,1619,1620,1621,1722,1723,1724
1620,1672,1673,1674,1619,1621,1564,1565
1621,1673,1674,1675,1620,1622,1565
1674,1673,1675,1620,1621,1622,1723,1724,1725
1287,1286,1288,1358,1359,1360
1359,1286,1287,1288,1358,1360,1433,1434,1435
1434,1358,1359,1360,1433,1435,1503
1622,1674,1675,1676,1621,1623,1566
1675,1674,1676,1621,1622,1623,1724,1725,1726
1288,1360,1359,1287
1360,1287,1288,1359,1434,1435
1435,1360,1434,1359
1566,1623,1624,1622,1567
1623,1675,1676,1677,1622,1624,1566,1567
1676,1675,1677,1622,1623,1624,1725,1726,1727
1624,1676,1677,1678,1623,1566,1567
1567,1624,1566,1623
1677,1728,1676,1678,1623,1624,1726,1727
1678,1728,1729,1677,1679,1624,1727
1679,1728,1729,1730,1678
1712,1757,1758,1711,1713,1756,1661,1662,1663
1757,1792,1793,1711,1712,1713,1756,1758,1791
1792,1793,1820,1818,1819,1756,1757,1758,1791
1819,1792,1793,1844,1845,1846,1818,1820,1791
1713,1664,1758,1712,1714,1759,1757,1662,1663
1758,1792,1793,1794,1712,1713,1714,1757,1759
1793,1792,1794,1821,1819,1820,1757,1758,1759
1820,1792,1793,1794,1845,1846,1847,1819,1821
1714,1664,1665,1760,1713,1759,1715,1758,1663
1759,1760,1793,1794,1795,1713,1714,1715,1758
1794,1760,1793,1795,1822,1820,1821,1758,1759
1821,1793,1794,1795,1846,1847,1848,1820,1822
1715,1664,1665,1666,1760,1761,1714,1716,1759
1760,1761,1794,1795,1796,1714,1715,1716,1759
1795,1760,1761,1794,1796,1823,1821,1822,1759
1822,1794,1795,1796,1847,1848,1849,1821,1823
1716,1760,1665,1666,1667,1761,1762,1715,1717
1761,1760,1762,1795,1796,1797,1715,1716,1717
1796,1760,1761,1762,1795,1824,1797,1822,1823
1823,1824,1795,1796,1797,1848,1849,1850,1822
1717,1761,1666,1667,1668,1762,1763,1716,1718
1762,1761,1763,1796,1797,1798,1716,1717,1718
1797,1824,1761,1762,1763,1796,1825,1798,1823
1824,1825,1796,1797,1798,1849,1850,1851,1823
1845,1868,1869,1870,1844,1846,1818,1819,1820
1869,1894,1895,1896,1868,1870,1844,1845,1846
1895,1920,1921,1894,1896,1868,1869,1870,1919
1920,1921,1894,1895,1896,1939,1940,1941,1919
1940,1920,1921,1939,1941,1919
1846,1869,1870,1871,1845,1847,1819,1820,1821
1870,1895,1896,1897,1869,1871,1845,1846,1847
1896,1920,1921,1922,1895,1897,1869,1870,1871
1921,1920,1922,1895,1896,1897,1940,1941,1942
1941,1920,1921,1922,1957,1940,1942
1847,1870,1871,1872,1846,1848,1820,1821,1822
1871,1896,1897,1898,1870,1872,1846,1847,1848
1897,1921,1922,1923,1896,1898,1870,1871,1872
1922,1921,1923,1896,1897,1898,1941,1942,1943
1942,1921,1922,1923,1957,1958,1941,1943
1848,1871,1872,1873,1847,1849,1821,1822,1823
1872,1897,1898,1899,1871,1873,1847,1848,1849
1898,1922,1923,1924,1897,1899,1871,1872,1873
1923,1922,1924,1897,1898,1899,1942,1943,1944
1943,1922,1923,1924,1957,1958,1959,1942,1944
1849,1824,1872,1873,1874,1848,1850,1822,1823
1873,1898,1899,1900,1872,1874,1848,1849,1850
1899,1923,1924,1925,1898,1900,1872,1873,1874
1924,1923,1925,1898,1899,1900,1943,1944,1945
1944,1923,1924,1925,1958,1959,1960,1943,1945
1850,1824,1825,1873,1874,1875,1849,1851,1823
1874,1899,1900,1901,1873,1875,1849,1850,1851
1900,1924,1925,1926,1899,1901,1873,1874,1875
1925,1924,1926,1899,1900,1901,1944,1945,1946
1945,1924,1925,1926,1959,1960,1961,1944,1946
1718,1762,1667,1668,1669,1763,1764,1717,1719
1763,1762,1764,1797,1798,1799,1717,1718,1719
1798,1824,1825,1762,1763,1764,1797,1826,1799
1825,1824,1826,1797,1798,1799,1850,1851,1852
1799,1825,1826,1763,1764,1765,1798
1719,1763,1668,1669,1670,1764,1765,1718,1720
1764,1763,1765,1798,1799,1718,1719,1720
1826,1825,1798,1799,1851,1852
1720,1764,1669,1670,1671,1765,1719,1721
1765,1764,1799,1719,1720,1721
1721,1765,1670,1671,1672,1720,1722
1722,1671,1672,1673,1721,1723
1723,1672,1673,1674,1722,1724
1851,1824,1825,1826,1874,1875,1876,1850,1852
1875,1900,1901,1902,1874,1876,1850,1851,1852
1901,1925,1926,1927,1900,1902,1874,1875,1876
1926,1925,1927,1900,1901,1902,1945,1946,1947
1946,1925,1926,1927,1960,1961,1962,1945,1947
1876,1901,1902,1903,1875,1877,1851,1852
1852,1825,1826,1875,1876,1877,1851
1902,1926,1927,1928,1901,1903,1875,1876,1877
1927,1926,1928,1901,1902,1903,1946,1947
1947,1926,1927,1928,1961,1962,1963,1946
1877,1902,1903,1904,1876,1878,1852
1903,1927,1928,1902,1904,1876,1877,1878
1928,1927,1902,1903,1904,1947
1878,1904,1877,1903
1904,1928,1877,1878,1903
1969,1970,1982,1983
1982,1993,1994,1969,1970,1983
1993,2002,1994,1982,1983
1970,1984,1957,1969,1971,1982,1983
1983,1984,1993,1994,1995,1969,1970,1971,1982
1994,1984,1993,1995,2002,2003,1982,1983
1957,1958,1970,1971,1972,1941,1942,1943
1971,1984,1985,1957,1958,1970,1972,1983
1984,1985,1994,1995,1996,1970,1971,1972,1983
1995,1984,1985,1994,1996,2002,2003,2004,1983
1958,1957,1959,1971,1972,1973,1942,1943,1944
1972,1984,1985,1986,1957,1958,1959,1971,1973
1985,1984,1986,1995,1996,1997,1971,1972,1973
1996,1984,1985,1986,1995,1997,2003,2004,2005
1959,1958,1960,1972,1973,1974,1943,1944,1945
1973,1985,1986,1958,1959,1960,1972,1974
1986,1985,1996,1997,1972,1973,1974
1997,1985,1986,1996,2004,2005,2006
1960,1959,1961,1973,1974,1975,1944,1945,1946
1974,1986,1987,1959,1960,1961,1973,1975
2002,1993,1994,1995,2003,2011
2003,1994,1995,1996,2002,2004,2011,2012
2011,2017,2018,2002,2003,2004,2012
2017,2018,2022,2023,2011,2012
2022,2017,2018,2023
2004,1995,1996,1997,2003,2005,2011,2012,2013
2012,2017,2018,2019,2003,2004,2005,2011,2013
2018,2017,2019,2022,2023,2024,2011,2012,2013
2023,2017,2018,2019,2022,2024
2005,1996,1997,2004,2006,2012,2013,2014
2013,2018,2019,2020,2004,2005,2006,2012,2014
2019,2018,2020,2023,2024,2012,2013,2014
2024,2018,2019,2020,2023
2006,1997,2005,2007,2013,2014,2015
2014,2019,2020,2021,2005,2006,2007,2013,2015
2020,2019,2021,2024,2013,2014,2015
1961,1960,1962,1974,1975,1976,1945,1946,1947
1975,1987,1988,1960,1961,1962,1974,1976
1987,1976,1988,1974,1975
1962,1961,1963,1975,1976,1977,1946,1947
1976,1987,1988,1989,1961,1962,1963,1975,1977
1988,1987,1989,1998,1975,1976,1977
1963,1962,1964,1976,1977,1978,1947
1977,1988,1989,1990,1962,1963,1964,1976,1978
1989,1988,1990,1998,1999,1976,1977,1978
1998,1988,1989,1990,1999,2008
1964,1977,1978,1963
1978,1989,1990,1991,1963,1964,1977
1999,1989,1990,1991,1998,2000,2008,2009
1990,1989,1991,1998,1999,2000,1977,1978
1991,1990,1999,2000,2001,1978
2000,1990,1991,1999,2001,2008,2009,2010
2001,2000,2009,2010,1991
2007,2016,2014,2006,2015
2015,2016,2020,2021,2006,2007,2014
2021,2016,2020,2014,2015
2016,2015,2021,2007
2008,2000,2009,1998,1999
2009,1999,2000,2001,2008,2010
2010,2000,2001,2009
1724,1673,1674,1675,1723,1725
1725,1766,1674,1675,1676,1724,1726
1726,1766,1767,1675,1676,1677,1725,1727
1766,1767,1725,1726,1727
1727,1728,1766,1767,1768,1676,1677,1678,1726
1767,1728,1766,1768,1800,1726,1727
1728,1729,1767,1768,1769,1677,1678,1679,1727
1768,1728,1729,1767,1800,1769,1801,1727
1800,1768,1769,1801,1767
1729,1728,1730,1768,1769,1770,1678,1679
1769,1728,1729,1730,1768,1800,1770,1801,1802
1801,1768,1769,1770,1802,1800
1730,1729,1769,1770,1771,1679
1770,1729,1730,1769,1801,1771,1802,1803
1802,1827,1769,1770,1803,1771,1801
1771,1730,1802,1803,1770,1772,1804
1803,1827,1828,1802,1770,1771,1772,1804
1827,1802,1803,1804,1828
1772,1803,1771,1804,1805
1804,1827,1828,1829,1803,1771,1772,1805
1828,1827,1829,1803,1804,1805,1853
1805,1828,1829,1830,1772,1804,1806
1829,1828,1830,1804,1805,1806,1853,1854
1853,1854,1828,1829,1830
1806,1829,1805,1830,1831
1830,1829,1831,1805,1806,1853,1854
1854,1853,1829,1830,1831
1831,1830,1854,1806
